일시,공급능력(MW),현재부하(MW),공급예비력(MW),공급예비율(%)
2023-03-13 00:00,"84,908","58,782","26,126",44
2023-03-13 00:05,"85,918","58,954","26,963",46
2023-03-13 00:10,"86,266","58,711","27,556",47
2023-03-13 00:15,"86,280","58,298","27,982",48
2023-03-13 00:20,"86,249","58,264","27,985",48
2023-03-13 00:25,"86,220","58,105","28,115",48
2023-03-13 00:30,"86,208","57,476","28,732",50
2023-03-13 00:35,"86,236","57,141","28,762",50
2023-03-13 00:40,"86,249","56,897","29,020",51
2023-03-13 00:45,"86,257","56,664","29,038",51
2023-03-13 00:50,"86,249","57,042","28,419",49
2023-03-13 00:55,"86,281","57,012","28,457",49
2023-03-13 01:00,"86,267","56,858","28,305",49
2023-03-13 01:05,"87,936","56,391","30,437",53
2023-03-13 01:10,"87,876","56,329","30,441",53
2023-03-13 01:15,"87,876","56,047","30,725",54
2023-03-13 01:20,"87,858","55,858","30,895",54
2023-03-13 01:25,"87,852","56,002","30,747",54
2023-03-13 01:30,"87,842","55,513","31,222",55
2023-03-13 01:35,"87,868","55,624","31,144",55
2023-03-13 01:40,"87,866","55,432","31,330",55
2023-03-13 01:45,"87,883","55,203","31,576",56
2023-03-13 01:50,"87,884","55,091","31,688",56
2023-03-13 01:55,"87,885","54,984","31,795",57
2023-03-13 02:00,"87,894","54,867","31,922",57
2023-03-13 02:05,"88,486","54,837","32,548",58
2023-03-13 02:10,"88,488","54,746","32,640",58
2023-03-13 02:15,"88,518","54,719","32,371",58
2023-03-13 02:20,"88,507","54,595","32,464",58
2023-03-13 02:25,"88,464","54,217","32,441",58
2023-03-13 02:30,"88,826","54,099","32,904",59
2023-03-13 02:35,"88,823","54,459","32,303",57
2023-03-13 02:40,"88,858","54,596","32,197",57
2023-03-13 02:45,"88,847","54,180","32,597",58
2023-03-13 02:50,"88,853","54,332","32,459",58
2023-03-13 02:55,"88,863","53,990","32,806",59
2023-03-13 03:00,"88,882","54,328","32,491",58
2023-03-13 03:05,"89,205","54,311","32,832",58
2023-03-13 03:10,"89,211","54,150","32,997",59
2023-03-13 03:15,"89,201","54,072","33,064",59
2023-03-13 03:20,"89,186","54,111","33,011",59
2023-03-13 03:25,"89,176","54,045","33,073",59
2023-03-13 03:30,"89,188","54,231","32,899",58
2023-03-13 03:35,"89,193","53,947","33,184",59
2023-03-13 03:40,"89,182","54,113","33,005",59
2023-03-13 03:45,"89,180","54,314","32,805",58
2023-03-13 03:50,"89,187","54,251","32,878",58
2023-03-13 03:55,"89,167","54,285","32,824",58
2023-03-13 04:00,"89,159","54,297","32,802",58
2023-03-13 04:05,"89,199","54,569","32,580",58
2023-03-13 04:10,"89,212","54,571","32,584",58
2023-03-13 04:15,"89,192","54,740","32,394",57
2023-03-13 04:20,"89,194","54,667","32,467",57
2023-03-13 04:25,"89,186","54,592","32,540",57
2023-03-13 04:30,"89,189","54,600","32,534",57
2023-03-13 04:35,"89,185","54,768","32,366",57
2023-03-13 04:40,"89,184","55,087","32,046",56
2023-03-13 04:45,"89,182","55,193","31,934",56
2023-03-13 04:50,"89,180","55,466","31,661",55
2023-03-13 04:55,"89,248","55,921","31,284",54
2023-03-13 05:00,"89,270","55,860","31,362",54
2023-03-13 05:05,"89,286","56,190","31,046",53
2023-03-13 05:10,"89,318","56,292","30,977",53
2023-03-13 05:15,"89,331","56,400","30,877",53
2023-03-13 05:20,"89,302","56,667","30,591",52
2023-03-13 05:25,"89,329","56,932","30,353",52
2023-03-13 05:30,"89,345","57,259","30,043",51
2023-03-13 05:35,"89,333","57,784","29,506",49
2023-03-13 05:40,"89,348","57,690","29,615",50
2023-03-13 05:45,"89,364","58,031","29,289",49
2023-03-13 05:50,"89,380","58,570","28,767",48
2023-03-13 05:55,"89,350","58,788","28,521",47
2023-03-13 06:00,"89,366","59,132","28,189",46
2023-03-13 06:05,"89,380","60,047","27,290",44
2023-03-13 06:10,"89,407","60,193","27,168",44
2023-03-13 06:15,"89,395","60,770","26,587",42
2023-03-13 06:20,"89,414","61,272","26,107",41
2023-03-13 06:25,"89,405","61,566","25,796",41
2023-03-13 06:30,"89,423","61,690","25,691",40
2023-03-13 06:35,"89,429","62,479","24,916",39
2023-03-13 06:40,"89,428","62,714","24,982",39
2023-03-13 06:45,"89,438","63,182","24,524",38
2023-03-13 06:50,"89,460","63,225","24,588",38
2023-03-13 06:55,"89,484","63,927","24,150",37
2023-03-13 07:00,"89,467","64,572","23,490",36
2023-03-13 07:05,"89,418","65,484","22,531",34
2023-03-13 07:10,"89,728","66,104","22,218",33
2023-03-13 07:15,"89,722","66,812","21,708",32
2023-03-13 07:20,"89,705","66,928","21,826",32
2023-03-13 07:25,"89,744","66,974","21,823",32
2023-03-13 07:30,"89,788","67,238","21,922",32
2023-03-13 07:35,"89,828","67,697","21,760",32
2023-03-13 07:40,"89,842","67,671","21,800",32
2023-03-13 07:45,"89,884","67,919","21,596",32
2023-03-13 07:50,"89,929","68,238","21,691",32
2023-03-13 07:55,"89,953","68,091","21,862",32
2023-03-13 08:00,"89,994","68,370","21,624",32
2023-03-13 08:05,"89,820","69,060","20,760",30
2023-03-13 08:10,"90,004","69,449","20,556",30
2023-03-13 08:15,"90,240","69,887","20,353",29
2023-03-13 08:20,"90,435","70,034","20,401",29
2023-03-13 08:25,"90,613","70,163","20,449",29
2023-03-13 08:30,"90,643","70,393","20,250",29
2023-03-13 08:35,"90,705","70,476","20,229",29
2023-03-13 08:40,"90,730","70,765","19,965",28
2023-03-13 08:45,"90,784","70,326","20,458",29
2023-03-13 08:50,"90,828","70,823","20,005",28
2023-03-13 08:55,"90,858","70,594","20,264",29
2023-03-13 09:00,"90,883","70,355","20,528",29
2023-03-13 09:05,"90,644","70,034","20,611",29
2023-03-13 09:10,"90,880","69,976","20,904",30
2023-03-13 09:15,"91,191","70,045","21,146",30
2023-03-13 09:20,"91,521","70,346","21,175",30
2023-03-13 09:25,"91,771","69,940","21,831",31
2023-03-13 09:30,"91,821","69,799","22,021",32
2023-03-13 09:35,"91,886","69,692","22,194",32
2023-03-13 09:40,"91,848","69,416","22,432",32
2023-03-13 09:45,"91,871","68,849","23,022",33
2023-03-13 09:50,"91,917","68,692","23,225",34
2023-03-13 09:55,"91,948","67,952","23,996",35
2023-03-13 10:00,"91,961","67,614","24,347",36
2023-03-13 10:05,"91,519","67,804","23,715",35
2023-03-13 10:10,"91,701","68,022","23,679",35
2023-03-13 10:15,"91,915","68,212","23,703",35
2023-03-13 10:20,"92,085","68,442","23,643",35
2023-03-13 10:25,"92,194","68,189","24,006",35
2023-03-13 10:30,"92,193","67,826","24,367",36
2023-03-13 10:35,"92,219","67,701","24,517",36
2023-03-13 10:40,"92,247","67,222","25,024",37
2023-03-13 10:45,"92,274","67,301","24,973",37
2023-03-13 10:50,"92,277","66,809","25,468",38
2023-03-13 10:55,"92,283","66,690","25,594",38
2023-03-13 11:00,"92,305","66,101","26,204",40
2023-03-13 11:05,"92,252","65,613","26,639",41
2023-03-13 11:10,"92,215","65,254","26,961",41
2023-03-13 11:15,"92,220","64,815","27,405",42
2023-03-13 11:20,"92,180","64,665","27,515",43
2023-03-13 11:25,"92,196","64,227","27,969",44
2023-03-13 11:30,"92,185","63,811","28,374",45
2023-03-13 11:35,"92,213","63,452","28,761",45
2023-03-13 11:40,"92,216","63,161","29,055",46
2023-03-13 11:45,"92,245","62,551","29,694",48
2023-03-13 11:50,"92,253","61,970","30,269",49
2023-03-13 11:55,"92,269","61,355","30,641",50
2023-03-13 12:00,"92,251","60,568","30,754",50
2023-03-13 12:05,"92,185","60,296","30,414",49
2023-03-13 12:10,"92,232","60,218","30,179",49
2023-03-13 12:15,"92,377","60,204","30,330",49
2023-03-13 12:20,"92,428","60,249","30,311",49
2023-03-13 12:25,"92,426","59,962","30,413",49
2023-03-13 12:30,"92,432","59,526","30,825",50
2023-03-13 12:35,"92,413","59,238","30,767",50
2023-03-13 12:40,"92,415","59,155","30,852",50
2023-03-13 12:45,"92,410","59,305","30,702",50
2023-03-13 12:50,"92,398","59,296","30,698",50
2023-03-13 12:55,"92,376","59,544","30,436",49
2023-03-13 13:00,"92,390","59,870","30,121",48
2023-03-13 13:05,"92,342","60,550","29,952",48
2023-03-13 13:10,"92,339","60,912","29,591",47
2023-03-13 13:15,"92,332","61,402","29,345",47
2023-03-13 13:20,"92,350","61,116","29,650",47
2023-03-13 13:25,"92,356","61,291","29,485",47
2023-03-13 13:30,"92,347","61,478","29,284",46
2023-03-13 13:35,"92,348","61,903","28,868",46
2023-03-13 13:40,"92,326","61,970","28,779",45
2023-03-13 13:45,"92,296","61,717","28,996",46
2023-03-13 13:50,"92,277","62,002","28,696",45
2023-03-13 13:55,"92,364","62,002","28,782",45
2023-03-13 14:00,"92,390","62,006","28,802",45
2023-03-13 14:05,"92,424","62,117","28,730",45
2023-03-13 14:10,"92,468","62,211","28,678",45
2023-03-13 14:15,"92,528","62,406","28,548",45
2023-03-13 14:20,"92,577","62,874","28,381",44
2023-03-13 14:25,"92,619","62,996","28,307",44
2023-03-13 14:30,"92,614","63,016","28,277",44
2023-03-13 14:35,"92,637","63,427","27,894",43
2023-03-13 14:40,"92,662","63,406","27,939",43
2023-03-13 14:45,"92,647","63,700","27,631",43
2023-03-13 14:50,"92,604","63,316","27,964",43
2023-03-13 14:55,"92,569","63,517","27,736",43
2023-03-13 15:00,"92,572","63,685","27,570",42
2023-03-13 15:05,"93,085","63,882","28,191",43
2023-03-13 15:10,"93,018","63,990","28,015",43
2023-03-13 15:15,"92,896","64,288","27,597",42
2023-03-13 15:20,"92,775","64,625","27,507",42
2023-03-13 15:25,"92,626","64,839","27,469",42
2023-03-13 15:30,"92,577","64,878","27,698",43
2023-03-13 15:35,"92,539","64,994","27,546",42
2023-03-13 15:40,"92,494","65,187","27,307",42
2023-03-13 15:45,"92,458","65,752","26,706",41
2023-03-13 15:50,"92,413","66,308","26,104",39
2023-03-13 15:55,"92,374","66,731","25,642",38
2023-03-13 16:00,"92,366","67,114","25,251",38
2023-03-13 16:05,"92,358","67,428","24,930",37
2023-03-13 16:10,"92,186","67,828","24,358",36
2023-03-13 16:15,"91,910","67,861","24,049",35
2023-03-13 16:20,"91,621","68,186","23,435",34
2023-03-13 16:25,"91,374","68,420","22,955",34
2023-03-13 16:30,"91,318","68,623","22,695",33
2023-03-13 16:35,"91,248","68,991","22,258",32
2023-03-13 16:40,"91,219","69,224","21,995",32
2023-03-13 16:45,"91,183","69,592","21,591",31
2023-03-13 16:50,"91,122","69,877","21,245",30
2023-03-13 16:55,"91,086","70,361","20,725",30
2023-03-13 17:00,"91,021","70,242","20,779",30
2023-03-13 17:05,"91,117","70,405","20,712",29
2023-03-13 17:10,"90,852","70,445","20,407",29
2023-03-13 17:15,"90,531","70,140","20,391",29
2023-03-13 17:20,"90,249","70,264","19,985",28
2023-03-13 17:25,"90,003","70,507","19,496",28
2023-03-13 17:30,"89,938","70,938","19,000",27
2023-03-13 17:35,"90,168","71,314","18,854",26
2023-03-13 17:40,"90,146","71,503","18,644",26
2023-03-13 17:45,"90,061","71,986","18,075",25
2023-03-13 17:50,"90,015","72,116","17,899",25
2023-03-13 17:55,"89,969","72,118","17,851",25
2023-03-13 18:00,"89,945","72,044","17,901",25
2023-03-13 18:05,"90,149","72,136","18,013",25
2023-03-13 18:10,"90,037","72,394","17,643",24
2023-03-13 18:15,"89,852","72,261","17,590",24
2023-03-13 18:20,"89,643","72,524","17,119",24
2023-03-13 18:25,"89,474","72,532","16,942",23
2023-03-13 18:30,"89,486","73,086","16,400",22
2023-03-13 18:35,"89,477","73,120","16,357",22
2023-03-13 18:40,"89,484","73,213","16,271",22
2023-03-13 18:45,"89,553","73,189","16,364",22
2023-03-13 18:50,"89,558","73,383","16,175",22
2023-03-13 18:55,"89,569","73,237","16,332",22
2023-03-13 19:00,"89,574","73,307","16,268",22
2023-03-13 19:05,"89,730","73,333","16,397",22
2023-03-13 19:10,"89,728","73,145","16,582",23
2023-03-13 19:15,"89,741","73,035","16,705",23
2023-03-13 19:20,"89,764","73,094","16,669",23
2023-03-13 19:25,"89,758","72,817","16,941",23
2023-03-13 19:30,"89,757","72,530","17,227",24
2023-03-13 19:35,"89,753","72,423","17,330",24
2023-03-13 19:40,"89,756","72,222","17,534",24
2023-03-13 19:45,"89,739","71,938","17,801",25
2023-03-13 19:50,"89,722","71,989","17,733",25
2023-03-13 19:55,"89,727","71,433","18,294",26
2023-03-13 20:00,"89,732","71,337","18,395",26
2023-03-13 20:05,"89,760","70,973","18,787",27
2023-03-13 20:10,"89,785","70,928","18,857",27
2023-03-13 20:15,"89,823","70,829","18,994",27
2023-03-13 20:20,"89,837","70,716","19,121",27
2023-03-13 20:25,"89,878","70,510","19,368",28
2023-03-13 20:30,"89,867","70,272","19,596",28
2023-03-13 20:35,"89,873","70,157","19,716",28
2023-03-13 20:40,"89,865","69,893","19,972",29
2023-03-13 20:45,"89,853","69,507","20,346",29
2023-03-13 20:50,"89,817","69,463","20,354",29
2023-03-13 20:55,"89,818","69,513","20,305",29
2023-03-13 21:00,"89,813","69,042","20,771",30
2023-03-13 21:05,"89,752","68,920","20,832",30
2023-03-13 21:10,"89,751","69,226","20,525",30
2023-03-13 21:15,"89,727","68,993","20,734",30
2023-03-13 21:20,"89,694","68,848","20,845",30
2023-03-13 21:25,"89,690","68,367","21,323",31
2023-03-13 21:30,"89,706","68,183","21,523",32
2023-03-13 21:35,"89,680","68,326","21,354",31
2023-03-13 21:40,"89,658","68,272","21,386",31
2023-03-13 21:45,"89,669","68,101","21,568",32
2023-03-13 21:50,"89,640","67,954","21,686",32
2023-03-13 21:55,"89,578","67,791","21,787",32
2023-03-13 22:00,"89,546","67,688","21,858",32
2023-03-13 22:05,"88,611","67,846","20,764",31
2023-03-13 22:10,"88,562","68,220","20,342",30
2023-03-13 22:15,"88,485","68,186","20,299",30
2023-03-13 22:20,"88,392","68,221","20,171",30
2023-03-13 22:25,"88,334","68,299","20,036",29
2023-03-13 22:30,"88,341","67,771","20,570",30
2023-03-13 22:35,"88,319","67,852","20,467",30
2023-03-13 22:40,"88,289","67,684","20,605",30
2023-03-13 22:45,"88,317","67,952","20,366",30
2023-03-13 22:50,"88,322","67,613","20,708",31
2023-03-13 22:55,"88,302","67,121","21,181",32
2023-03-13 23:00,"88,305","67,317","20,988",31
2023-03-13 23:05,"88,222","67,984","20,238",30
2023-03-13 23:10,"88,197","67,867","20,330",30
2023-03-13 23:15,"88,162","67,807","20,354",30
2023-03-13 23:20,"88,113","67,419","20,694",31
2023-03-13 23:25,"88,100","67,125","20,975",31
2023-03-13 23:30,"88,097","66,984","21,113",32
2023-03-13 23:35,"88,085","66,504","21,581",33
2023-03-13 23:40,"88,078","66,334","21,744",33
2023-03-13 23:45,"88,081","66,010","22,071",33
2023-03-13 23:50,"88,072","65,543","22,528",34
2023-03-13 23:55,"88,066","65,210","22,856",35
2023-03-14 00:00,"88,076","64,673","23,403",36
2023-03-14 00:05,"87,658","64,371","23,287",36
2023-03-14 00:10,"87,619","64,106","23,514",37
2023-03-14 00:15,"87,588","63,701","23,887",38
2023-03-14 00:20,"87,555","63,346","24,209",38
2023-03-14 00:25,"87,556","63,225","24,332",39
2023-03-14 00:30,"87,547","62,597","24,951",40
2023-03-14 00:35,"87,540","62,746","24,794",40
2023-03-14 00:40,"87,560","62,391","25,169",40
2023-03-14 00:45,"87,543","61,933","25,610",41
2023-03-14 00:50,"87,536","61,780","25,756",42
2023-03-14 00:55,"87,541","61,406","26,135",43
2023-03-14 01:00,"87,550","61,201","26,349",43
2023-03-14 01:05,"87,615","61,059","26,556",44
2023-03-14 01:10,"87,602","61,109","26,493",43
2023-03-14 01:15,"87,615","60,965","26,650",44
2023-03-14 01:20,"87,610","60,851","26,759",44
2023-03-14 01:25,"87,593","60,576","27,017",45
2023-03-14 01:30,"87,606","60,428","27,178",45
2023-03-14 01:35,"87,611","60,565","27,046",45
2023-03-14 01:40,"87,598","60,534","27,065",45
2023-03-14 01:45,"87,606","60,214","27,392",46
2023-03-14 01:50,"87,612","59,939","27,672",46
2023-03-14 01:55,"87,620","59,877","27,742",46
2023-03-14 02:00,"87,616","59,717","27,899",47
2023-03-14 02:05,"87,658","59,602","28,056",47
2023-03-14 02:10,"87,667","59,838","27,828",47
2023-03-14 02:15,"87,665","59,557","28,096",47
2023-03-14 02:20,"87,656","59,623","27,975",47
2023-03-14 02:25,"87,661","59,559","27,802",46
2023-03-14 02:30,"87,673","59,358","27,841",47
2023-03-14 02:35,"87,680","59,320","27,522",46
2023-03-14 02:40,"87,694","58,816","28,039",47
2023-03-14 02:45,"87,684","58,765","28,070",47
2023-03-14 02:50,"87,676","58,724","27,842",47
2023-03-14 02:55,"87,678","59,068","27,190",45
2023-03-14 03:00,"87,675","59,066","26,840",44
2023-03-14 03:05,"87,674","59,089","26,526",43
2023-03-14 03:10,"87,683","59,158","26,455",43
2023-03-14 03:15,"87,673","59,211","26,392",43
2023-03-14 03:20,"87,674","58,686","26,916",44
2023-03-14 03:25,"87,665","58,760","26,834",44
2023-03-14 03:30,"87,648","58,526","27,048",45
2023-03-14 03:35,"87,673","58,957","26,652",44
2023-03-14 03:40,"87,946","58,694","27,184",45
2023-03-14 03:45,"87,960","58,874","27,026",44
2023-03-14 03:50,"87,949","58,822","27,059",44
2023-03-14 03:55,"87,969","58,847","27,055",44
2023-03-14 04:00,"87,972","59,027","26,881",44
2023-03-14 04:05,"87,992","59,188","26,739",44
2023-03-14 04:10,"87,989","59,178","26,745",44
2023-03-14 04:15,"87,994","59,309","26,618",43
2023-03-14 04:20,"87,989","59,525","26,404",43
2023-03-14 04:25,"87,979","59,512","26,402",43
2023-03-14 04:30,"87,972","59,309","26,596",43
2023-03-14 04:35,"87,972","59,698","26,214",42
2023-03-14 04:40,"87,977","59,973","25,945",42
2023-03-14 04:45,"87,969","59,998","25,910",42
2023-03-14 04:50,"87,961","59,990","25,910",42
2023-03-14 04:55,"87,954","59,904","25,988",42
2023-03-14 05:00,"87,951","60,136","25,756",41
2023-03-14 05:05,"87,934","60,382","25,499",41
2023-03-14 05:10,"87,948","60,312","25,579",41
2023-03-14 05:15,"87,919","60,348","25,512",41
2023-03-14 05:20,"87,912","60,636","25,217",40
2023-03-14 05:25,"88,842","61,006","25,779",41
2023-03-14 05:30,"88,838","61,292","25,492",40
2023-03-14 05:35,"88,852","61,505","25,294",40
2023-03-14 05:40,"88,857","61,713","25,094",39
2023-03-14 05:45,"88,938","61,665","25,214",40
2023-03-14 05:50,"88,934","62,197","24,684",38
2023-03-14 05:55,"88,934","62,521","24,361",38
2023-03-14 06:00,"88,944","62,637","24,254",38
2023-03-14 06:05,"89,076","63,342","23,888",37
2023-03-14 06:10,"89,076","63,486","24,375",38
2023-03-14 06:15,"89,095","64,222","23,660",36
2023-03-14 06:20,"88,960","64,030","23,714",36
2023-03-14 06:25,"88,956","64,209","23,532",36
2023-03-14 06:30,"88,964","64,635","23,441",36
2023-03-14 06:35,"88,982","65,064","23,034",35
2023-03-14 06:40,"88,991","65,026","23,336",36
2023-03-14 06:45,"88,987","65,555","23,174",35
2023-03-14 06:50,"89,008","65,767","22,984",35
2023-03-14 06:55,"89,012","66,115","22,640",34
2023-03-14 07:00,"89,013","66,595","22,160",33
2023-03-14 07:05,"88,870","67,427","21,443",32
2023-03-14 07:10,"88,897","67,953","20,945",31
2023-03-14 07:15,"88,918","68,544","20,374",30
2023-03-14 07:20,"88,946","68,690","20,256",30
2023-03-14 07:25,"88,980","68,507","20,472",30
2023-03-14 07:30,"89,025","68,729","20,296",30
2023-03-14 07:35,"89,059","68,824","20,235",29
2023-03-14 07:40,"89,090","68,965","20,125",29
2023-03-14 07:45,"89,167","68,797","20,370",30
2023-03-14 07:50,"89,182","69,048","20,135",29
2023-03-14 07:55,"89,203","68,979","20,223",29
2023-03-14 08:00,"89,257","69,257","20,000",29
2023-03-14 08:05,"89,131","69,744","19,387",28
2023-03-14 08:10,"89,332","69,792","19,541",28
2023-03-14 08:15,"89,526","70,112","19,414",28
2023-03-14 08:20,"89,723","70,102","19,621",28
2023-03-14 08:25,"89,767","70,373","19,394",28
2023-03-14 08:30,"89,861","70,563","19,298",27
2023-03-14 08:35,"89,892","70,707","19,185",27
2023-03-14 08:40,"89,951","70,564","19,388",28
2023-03-14 08:45,"90,005","70,488","19,517",28
2023-03-14 08:50,"90,074","70,389","19,684",28
2023-03-14 08:55,"90,127","70,336","19,792",28
2023-03-14 09:00,"90,154","70,144","20,010",29
2023-03-14 09:05,"89,681","69,882","19,799",28
2023-03-14 09:10,"90,004","69,735","20,268",29
2023-03-14 09:15,"90,361","69,759","20,602",30
2023-03-14 09:20,"90,641","69,543","21,098",30
2023-03-14 09:25,"90,682","69,135","21,546",31
2023-03-14 09:30,"90,740","68,850","21,889",32
2023-03-14 09:35,"90,781","68,659","22,122",32
2023-03-14 09:40,"90,799","67,898","22,901",34
2023-03-14 09:45,"90,846","67,717","23,128",34
2023-03-14 09:50,"90,871","67,398","23,473",35
2023-03-14 09:55,"90,929","67,023","23,905",36
2023-03-14 10:00,"90,927","66,910","24,017",36
2023-03-14 10:05,"90,666","66,874","23,793",36
2023-03-14 10:10,"90,837","66,925","23,912",36
2023-03-14 10:15,"91,081","67,245","23,835",35
2023-03-14 10:20,"91,259","67,248","24,012",36
2023-03-14 10:25,"91,412","67,019","24,393",36
2023-03-14 10:30,"91,423","67,035","24,389",36
2023-03-14 10:35,"91,428","66,822","24,605",37
2023-03-14 10:40,"91,452","66,591","24,861",37
2023-03-14 10:45,"91,482","66,158","25,324",38
2023-03-14 10:50,"91,500","66,015","25,484",39
2023-03-14 10:55,"91,510","65,970","25,540",39
2023-03-14 11:00,"91,533","65,334","26,199",40
2023-03-14 11:05,"91,154","64,721","26,433",41
2023-03-14 11:10,"91,128","64,266","26,862",42
2023-03-14 11:15,"91,088","63,558","27,501",43
2023-03-14 11:20,"91,113","63,409","27,280",43
2023-03-14 11:25,"91,112","63,049","27,062",42
2023-03-14 11:30,"91,121","62,867","27,241",43
2023-03-14 11:35,"91,132","62,592","27,200",43
2023-03-14 11:40,"91,114","62,144","27,586",43
2023-03-14 11:45,"91,136","61,720","27,815",44
2023-03-14 11:50,"91,140","61,045","28,439",45
2023-03-14 11:55,"91,143","60,298","28,785",46
2023-03-14 12:00,"91,162","59,339","29,432",48
2023-03-14 12:05,"90,585","59,125","28,710",46
2023-03-14 12:10,"90,765","58,942","29,073",47
2023-03-14 12:15,"90,776","58,432","29,287",48
2023-03-14 12:20,"90,833","58,099","29,675",49
2023-03-14 12:25,"90,866","58,457","29,325",48
2023-03-14 12:30,"90,891","58,015","29,571",48
2023-03-14 12:35,"90,891","57,782","29,806",49
2023-03-14 12:40,"90,918","57,613","30,000",49
2023-03-14 12:45,"90,901","57,350","30,248",50
2023-03-14 12:50,"90,920","57,645","29,984",49
2023-03-14 12:55,"90,949","57,808","29,849",49
2023-03-14 13:00,"90,941","58,200","29,701",49
2023-03-14 13:05,"91,096","58,544","29,522",48
2023-03-14 13:10,"91,270","59,259","29,665",48
2023-03-14 13:15,"91,472","59,442","29,681",48
2023-03-14 13:20,"91,559","59,682","29,833",48
2023-03-14 13:25,"91,597","59,782","29,769",48
2023-03-14 13:30,"91,586","59,878","29,664",48
2023-03-14 13:35,"91,591","60,076","29,476",48
2023-03-14 13:40,"91,586","59,999","29,542",48
2023-03-14 13:45,"91,544","60,190","29,310",47
2023-03-14 13:50,"91,522","60,008","29,468",48
2023-03-14 13:55,"91,576","60,091","29,443",47
2023-03-14 14:00,"91,587","60,219","29,325",47
2023-03-14 14:05,"91,257","60,226","28,991",47
2023-03-14 14:10,"91,308","60,297","28,977",47
2023-03-14 14:15,"91,376","60,639","28,695",46
2023-03-14 14:20,"91,423","60,767","28,873",46
2023-03-14 14:25,"91,444","60,730","28,934",46
2023-03-14 14:30,"91,439","60,694","28,959",46
2023-03-14 14:35,"91,432","60,663","28,986",46
2023-03-14 14:40,"91,339","60,725","28,834",46
2023-03-14 14:45,"91,343","60,714","28,844",46
2023-03-14 14:50,"91,326","60,946","28,606",46
2023-03-14 14:55,"91,333","60,681","28,872",46
2023-03-14 15:00,"91,306","60,943","28,586",46
2023-03-14 15:05,"91,322","61,011","28,532",45
2023-03-14 15:10,"91,313","61,203","28,336",45
2023-03-14 15:15,"91,277","61,391","28,113",45
2023-03-14 15:20,"91,262","61,726","28,067",44
2023-03-14 15:25,"91,166","62,074","27,821",44
2023-03-14 15:30,"91,119","62,117","27,983",44
2023-03-14 15:35,"91,096","62,714","27,365",43
2023-03-14 15:40,"91,036","62,820","27,200",43
2023-03-14 15:45,"91,015","62,953","27,047",42
2023-03-14 15:50,"90,961","63,345","26,604",41
2023-03-14 15:55,"91,084","63,855","26,215",40
2023-03-14 16:00,"91,041","64,060","25,969",40
2023-03-14 16:05,"91,181","64,624","25,535",39
2023-03-14 16:10,"91,061","64,720","25,072",38
2023-03-14 16:15,"90,843","64,868","24,712",37
2023-03-14 16:20,"90,618","65,174","24,179",36
2023-03-14 16:25,"90,398","65,436","24,380",37
2023-03-14 16:30,"90,520","65,728","24,538",37
2023-03-14 16:35,"90,457","66,090","24,113",36
2023-03-14 16:40,"90,429","66,304","24,125",36
2023-03-14 16:45,"90,388","66,890","23,497",35
2023-03-14 16:50,"90,330","66,963","23,368",35
2023-03-14 16:55,"90,287","67,038","23,248",35
2023-03-14 17:00,"90,269","67,060","23,209",35
2023-03-14 17:05,"90,699","67,164","23,535",35
2023-03-14 17:10,"90,545","67,477","23,068",34
2023-03-14 17:15,"90,229","67,500","22,729",34
2023-03-14 17:20,"89,954","67,659","22,294",33
2023-03-14 17:25,"89,735","67,604","22,130",33
2023-03-14 17:30,"89,672","67,902","21,770",32
2023-03-14 17:35,"89,645","68,375","21,269",31
2023-03-14 17:40,"89,588","68,856","20,732",30
2023-03-14 17:45,"89,558","69,230","20,328",29
2023-03-14 17:50,"89,494","69,518","19,977",29
2023-03-14 17:55,"89,443","69,786","19,657",28
2023-03-14 18:00,"89,386","70,001","19,385",28
2023-03-14 18:05,"89,655","70,261","19,394",28
2023-03-14 18:10,"89,514","70,440","19,074",27
2023-03-14 18:15,"89,247","70,541","18,706",27
2023-03-14 18:20,"88,991","70,308","18,683",27
2023-03-14 18:25,"88,775","70,240","18,536",26
2023-03-14 18:30,"88,769","70,569","18,200",26
2023-03-14 18:35,"88,758","71,079","17,680",25
2023-03-14 18:40,"88,731","71,233","17,498",25
2023-03-14 18:45,"88,732","71,551","17,180",24
2023-03-14 18:50,"88,746","71,385","17,361",24
2023-03-14 18:55,"88,732","71,516","17,216",24
2023-03-14 19:00,"88,841","71,424","17,417",24
2023-03-14 19:05,"89,055","71,442","17,613",25
2023-03-14 19:10,"89,036","71,224","17,812",25
2023-03-14 19:15,"89,036","70,832","18,204",26
2023-03-14 19:20,"89,040","70,907","18,133",26
2023-03-14 19:25,"89,029","70,927","18,102",26
2023-03-14 19:30,"89,026","70,773","18,252",26
2023-03-14 19:35,"89,045","70,641","18,404",26
2023-03-14 19:40,"89,065","70,491","18,574",26
2023-03-14 19:45,"89,084","70,608","18,476",26
2023-03-14 19:50,"89,092","70,564","18,528",26
2023-03-14 19:55,"89,094","69,853","19,241",28
2023-03-14 20:00,"89,092","69,580","19,512",28
2023-03-14 20:05,"89,169","69,552","19,616",28
2023-03-14 20:10,"89,176","69,265","19,911",29
2023-03-14 20:15,"89,259","69,627","19,632",28
2023-03-14 20:20,"89,261","69,203","20,058",29
2023-03-14 20:25,"89,282","68,998","20,284",29
2023-03-14 20:30,"89,289","68,918","20,371",30
2023-03-14 20:35,"89,286","68,820","20,466",30
2023-03-14 20:40,"89,268","68,640","20,629",30
2023-03-14 20:45,"89,287","68,554","20,734",30
2023-03-14 20:50,"89,020","68,426","20,594",30
2023-03-14 20:55,"88,895","68,129","20,766",31
2023-03-14 21:00,"88,876","67,782","21,093",31
2023-03-14 21:05,"89,268","67,538","21,730",32
2023-03-14 21:10,"89,256","67,570","21,686",32
2023-03-14 21:15,"89,169","67,773","21,396",32
2023-03-14 21:20,"89,788","67,521","22,266",33
2023-03-14 21:25,"89,737","67,303","22,434",33
2023-03-14 21:30,"89,737","67,239","22,498",34
2023-03-14 21:35,"89,750","67,332","22,418",33
2023-03-14 21:40,"89,728","66,750","22,979",34
2023-03-14 21:45,"89,709","66,632","23,077",35
2023-03-14 21:50,"89,676","66,717","22,959",34
2023-03-14 21:55,"89,614","66,715","22,900",34
2023-03-14 22:00,"89,587","66,304","23,283",35
2023-03-14 22:05,"88,414","66,778","21,635",32
2023-03-14 22:10,"88,412","67,400","21,012",31
2023-03-14 22:15,"88,324","67,562","20,762",31
2023-03-14 22:20,"88,235","67,469","20,766",31
2023-03-14 22:25,"88,126","67,409","20,717",31
2023-03-14 22:30,"88,173","67,162","21,011",31
2023-03-14 22:35,"88,154","67,225","20,928",31
2023-03-14 22:40,"88,135","67,087","21,048",31
2023-03-14 22:45,"88,161","66,848","21,313",32
2023-03-14 22:50,"88,147","66,520","21,627",33
2023-03-14 22:55,"88,149","66,375","21,774",33
2023-03-14 23:00,"88,148","66,598","21,550",32
2023-03-14 23:05,"87,815","67,075","20,740",31
2023-03-14 23:10,"87,753","67,019","20,734",31
2023-03-14 23:15,"87,692","66,574","21,117",32
2023-03-14 23:20,"87,663","66,464","21,199",32
2023-03-14 23:25,"87,603","66,282","21,321",32
2023-03-14 23:30,"87,620","65,830","21,789",33
2023-03-14 23:35,"87,609","65,696","21,913",33
2023-03-14 23:40,"87,643","65,558","22,086",34
2023-03-14 23:45,"87,621","65,054","22,567",35
2023-03-14 23:50,"87,632","64,560","23,071",36
2023-03-14 23:55,"87,614","64,188","23,426",37
2023-03-15 00:00,"87,642","63,402","24,240",38
2023-03-15 00:05,"86,907","63,494","23,413",37
2023-03-15 00:10,"86,872","63,108","23,764",38
2023-03-15 00:15,"86,882","62,668","24,214",39
2023-03-15 00:20,"86,840","62,405","24,435",39
2023-03-15 00:25,"86,868","62,207","24,661",40
2023-03-15 00:30,"86,856","61,565","25,291",41
2023-03-15 00:35,"86,867","61,156","25,711",42
2023-03-15 00:40,"86,877","61,042","25,835",42
2023-03-15 00:45,"86,865","60,716","26,149",43
2023-03-15 00:50,"86,879","60,787","26,092",43
2023-03-15 00:55,"86,861","60,365","26,496",44
2023-03-15 01:00,"86,883","60,035","26,836",45
2023-03-15 01:05,"86,890","60,192","26,384",44
2023-03-15 01:10,"86,860","60,253","26,259",43
2023-03-15 01:15,"86,861","59,892","26,396",44
2023-03-15 01:20,"86,841","59,702","26,566",44
2023-03-15 01:25,"86,859","59,556","26,539",44
2023-03-15 01:30,"86,832","59,456","26,597",44
2023-03-15 01:35,"86,834","59,493","26,564",44
2023-03-15 01:40,"86,830","59,331","26,720",45
2023-03-15 01:45,"86,825","59,018","27,010",45
2023-03-15 01:50,"86,848","58,619","27,115",45
2023-03-15 01:55,"86,814","58,677","27,025",45
2023-03-15 02:00,"86,827","58,638","27,079",45
2023-03-15 02:05,"87,253","58,463","27,655",46
2023-03-15 02:10,"87,238","58,506","27,248",45
2023-03-15 02:15,"87,222","58,636","27,099",45
2023-03-15 02:20,"87,225","58,525","27,213",45
2023-03-15 02:25,"87,227","58,587","27,153",45
2023-03-15 02:30,"87,233","58,182","27,562",46
2023-03-15 02:35,"87,211","58,369","27,356",46
2023-03-15 02:40,"87,213","57,966","27,760",47
2023-03-15 02:45,"87,219","58,156","27,577",46
2023-03-15 02:50,"87,229","58,103","27,640",46
2023-03-15 02:55,"87,236","58,111","27,642",46
2023-03-15 03:00,"87,240","58,023","27,732",47
2023-03-15 03:05,"87,282","57,897","27,576",46
2023-03-15 03:10,"87,290","57,596","27,877",47
2023-03-15 03:15,"87,303","57,702","27,789",47
2023-03-15 03:20,"87,297","57,854","27,634",46
2023-03-15 03:25,"87,255","57,959","27,488",46
2023-03-15 03:30,"87,281","57,869","27,603",46
2023-03-15 03:35,"87,290","57,752","27,727",47
2023-03-15 03:40,"87,276","57,748","27,718",47
2023-03-15 03:45,"87,278","57,812","27,660",46
2023-03-15 03:50,"87,283","57,936","27,538",46
2023-03-15 03:55,"87,278","58,135","27,339",46
2023-03-15 04:00,"87,268","58,025","27,435",46
2023-03-15 04:05,"87,246","58,286","27,158",45
2023-03-15 04:10,"87,267","57,734","27,726",47
2023-03-15 04:15,"87,286","58,117","27,366",46
2023-03-15 04:20,"87,268","58,348","27,120",45
2023-03-15 04:25,"87,249","58,129","27,312",46
2023-03-15 04:30,"87,256","58,236","27,215",45
2023-03-15 04:35,"87,266","57,962","27,495",46
2023-03-15 04:40,"87,233","58,452","26,982",45
2023-03-15 04:45,"87,212","58,567","26,846",45
2023-03-15 04:50,"87,240","58,779","26,660",44
2023-03-15 04:55,"87,239","59,010","26,756",44
2023-03-15 05:00,"87,225","59,095","26,658",44
2023-03-15 05:05,"88,511","59,494","27,544",45
2023-03-15 05:10,"88,524","59,270","27,779",46
2023-03-15 05:15,"88,526","59,652","27,406",45
2023-03-15 05:20,"88,502","59,714","27,315",45
2023-03-15 05:25,"88,494","59,888","27,134",44
2023-03-15 05:30,"88,308","60,121","26,716",43
2023-03-15 05:35,"88,287","60,326","27,020",44
2023-03-15 05:40,"88,308","60,577","26,790",44
2023-03-15 05:45,"88,304","61,120","26,552",43
2023-03-15 05:50,"88,291","61,127","26,905",44
2023-03-15 05:55,"88,281","61,342","26,680",43
2023-03-15 06:00,"88,264","61,238","26,768",44
2023-03-15 06:05,"87,900","62,100","25,800",42
2023-03-15 06:10,"87,910","62,414","25,496",41
2023-03-15 06:15,"87,906","62,872","25,034",40
2023-03-15 06:20,"87,899","62,814","25,085",40
2023-03-15 06:25,"87,878","62,994","24,884",40
2023-03-15 06:30,"87,894","63,086","24,808",39
2023-03-15 06:35,"87,889","63,507","24,382",38
2023-03-15 06:40,"87,877","63,890","23,987",38
2023-03-15 06:45,"87,872","64,357","23,515",37
2023-03-15 06:50,"87,962","64,687","23,275",36
2023-03-15 06:55,"87,986","64,942","23,043",36
2023-03-15 07:00,"87,993","65,400","22,593",35
2023-03-15 07:05,"87,883","66,122","21,761",33
2023-03-15 07:10,"87,890","66,371","21,519",32
2023-03-15 07:15,"87,925","66,270","21,655",33
2023-03-15 07:20,"87,967","66,706","21,262",32
2023-03-15 07:25,"88,010","66,812","21,198",32
2023-03-15 07:30,"88,058","67,084","20,974",31
2023-03-15 07:35,"88,097","67,085","21,012",31
2023-03-15 07:40,"88,127","66,896","21,231",32
2023-03-15 07:45,"88,153","66,985","21,168",32
2023-03-15 07:50,"88,229","66,840","21,389",32
2023-03-15 07:55,"88,257","66,562","21,695",33
2023-03-15 08:00,"88,308","66,895","21,413",32
2023-03-15 08:05,"88,064","67,412","20,652",31
2023-03-15 08:10,"88,276","67,404","20,872",31
2023-03-15 08:15,"88,503","67,391","21,112",31
2023-03-15 08:20,"88,727","67,846","20,881",31
2023-03-15 08:25,"88,772","68,019","20,753",31
2023-03-15 08:30,"88,842","68,188","20,654",30
2023-03-15 08:35,"88,891","68,296","20,595",30
2023-03-15 08:40,"88,948","68,306","20,643",30
2023-03-15 08:45,"89,010","68,251","20,758",30
2023-03-15 08:50,"89,033","68,083","20,950",31
2023-03-15 08:55,"89,115","67,783","21,332",32
2023-03-15 09:00,"89,049","67,509","21,540",32
2023-03-15 09:05,"88,570","67,247","21,323",32
2023-03-15 09:10,"88,690","67,382","21,308",32
2023-03-15 09:15,"89,067","67,302","21,765",32
2023-03-15 09:20,"89,379","67,524","21,854",32
2023-03-15 09:25,"89,679","67,208","22,472",33
2023-03-15 09:30,"89,716","66,952","22,764",34
2023-03-15 09:35,"89,798","66,982","22,816",34
2023-03-15 09:40,"89,858","66,759","23,099",35
2023-03-15 09:45,"89,856","66,442","23,414",35
2023-03-15 09:50,"89,880","66,258","23,622",36
2023-03-15 09:55,"89,944","66,062","23,881",36
2023-03-15 10:00,"89,936","65,604","24,333",37
2023-03-15 10:05,"89,766","65,895","23,870",36
2023-03-15 10:10,"90,016","66,212","23,804",36
2023-03-15 10:15,"90,104","66,372","23,733",36
2023-03-15 10:20,"90,204","66,498","23,707",36
2023-03-15 10:25,"90,212","66,480","23,732",36
2023-03-15 10:30,"90,253","66,325","23,928",36
2023-03-15 10:35,"90,253","66,046","24,207",37
2023-03-15 10:40,"90,253","65,902","24,351",37
2023-03-15 10:45,"90,270","66,134","24,136",37
2023-03-15 10:50,"90,281","66,013","24,268",37
2023-03-15 10:55,"90,304","65,773","24,531",37
2023-03-15 11:00,"90,325","65,489","24,822",38
2023-03-15 11:05,"90,143","65,109","24,659",38
2023-03-15 11:10,"90,092","64,653","25,066",39
2023-03-15 11:15,"90,011","64,545","24,781",38
2023-03-15 11:20,"89,985","64,287","24,701",38
2023-03-15 11:25,"89,974","64,015","24,746",38
2023-03-15 11:30,"89,982","63,883","24,883",38
2023-03-15 11:35,"90,032","63,704","25,110",39
2023-03-15 11:40,"90,024","63,274","25,166",39
2023-03-15 11:45,"89,990","63,132","25,061",39
2023-03-15 11:50,"90,002","62,504","25,679",40
2023-03-15 11:55,"90,028","61,867","26,087",41
2023-03-15 12:00,"89,999","61,164","26,396",42
2023-03-15 12:05,"89,932","60,880","26,610",42
2023-03-15 12:10,"89,957","60,429","26,782",42
2023-03-15 12:15,"89,991","60,451","26,554",42
2023-03-15 12:20,"89,996","60,284","26,721",42
2023-03-15 12:25,"90,031","60,166","26,875",43
2023-03-15 12:30,"89,991","60,128","26,883",43
2023-03-15 12:35,"89,999","59,968","27,045",43
2023-03-15 12:40,"89,968","59,974","27,012",43
2023-03-15 12:45,"89,992","59,868","27,143",43
2023-03-15 12:50,"90,006","59,952","27,078",43
2023-03-15 12:55,"89,962","60,404","26,950",43
2023-03-15 13:00,"90,012","61,209","26,502",42
2023-03-15 13:05,"90,080","61,793","26,240",41
2023-03-15 13:10,"90,063","62,037","25,981",41
2023-03-15 13:15,"90,070","62,427","25,603",40
2023-03-15 13:20,"90,104","62,589","25,475",39
2023-03-15 13:25,"90,015","62,632","25,339",39
2023-03-15 13:30,"89,560","62,961","24,554",38
2023-03-15 13:35,"89,501","63,370","24,377",37
2023-03-15 13:40,"89,492","63,384","24,518",38
2023-03-15 13:45,"89,545","63,827","24,132",37
2023-03-15 13:50,"89,556","63,616","24,653",38
2023-03-15 13:55,"89,557","63,920","24,354",37
2023-03-15 14:00,"89,566","63,688","24,590",38
2023-03-15 14:05,"89,457","63,762","24,410",38
2023-03-15 14:10,"89,662","63,962","24,414",37
2023-03-15 14:15,"89,507","64,124","24,102",37
2023-03-15 14:20,"89,420","63,970","24,167",37
2023-03-15 14:25,"89,260","64,021","23,956",37
2023-03-15 14:30,"89,322","63,993","24,048",37
2023-03-15 14:35,"89,322","64,358","23,682",36
2023-03-15 14:40,"89,316","64,724","23,314",35
2023-03-15 14:45,"89,282","65,087","22,916",35
2023-03-15 14:50,"89,338","64,881","23,174",35
2023-03-15 14:55,"89,404","64,730","23,390",35
2023-03-15 15:00,"89,282","65,130","22,871",34
2023-03-15 15:05,"89,373","65,070","23,020",35
2023-03-15 15:10,"89,256","65,069","23,086",35
2023-03-15 15:15,"89,196","65,784","22,459",34
2023-03-15 15:20,"89,095","65,652","22,486",34
2023-03-15 15:25,"89,001","65,897","22,518",34
2023-03-15 15:30,"89,058","66,149","22,324",34
2023-03-15 15:35,"88,925","66,149","22,191",33
2023-03-15 15:40,"88,861","66,245","22,032",33
2023-03-15 15:45,"88,801","66,980","21,564",32
2023-03-15 15:50,"88,785","67,199","21,328",32
2023-03-15 15:55,"88,810","67,007","21,545",32
2023-03-15 16:00,"88,769","67,309","21,203",31
2023-03-15 16:05,"88,842","67,508","21,077",31
2023-03-15 16:10,"88,713","67,842","20,614",30
2023-03-15 16:15,"88,974","67,689","21,026",31
2023-03-15 16:20,"88,955","68,079","20,619",30
2023-03-15 16:25,"89,086","68,042","20,785",30
2023-03-15 16:30,"89,172","68,330","20,585",30
2023-03-15 16:35,"89,176","68,246","20,672",30
2023-03-15 16:40,"89,062","68,431","20,374",30
2023-03-15 16:45,"89,010","68,720","20,032",29
2023-03-15 16:50,"88,974","68,972","19,745",29
2023-03-15 16:55,"88,934","69,322","19,354",28
2023-03-15 17:00,"88,891","68,928","19,963",29
2023-03-15 17:05,"88,781","68,459","20,322",30
2023-03-15 17:10,"88,536","68,771","19,765",29
2023-03-15 17:15,"88,519","68,830","19,689",29
2023-03-15 17:20,"88,357","68,994","19,363",28
2023-03-15 17:25,"88,250","69,116","19,134",28
2023-03-15 17:30,"88,195","69,327","18,868",27
2023-03-15 17:35,"88,207","69,602","18,605",27
2023-03-15 17:40,"88,197","69,739","18,458",27
2023-03-15 17:45,"88,183","69,642","18,541",27
2023-03-15 17:50,"88,170","69,933","18,237",26
2023-03-15 17:55,"88,180","69,904","18,275",26
2023-03-15 18:00,"88,151","70,054","18,097",26
2023-03-15 18:05,"88,455","70,010","18,444",26
2023-03-15 18:10,"88,373","69,966","18,408",26
2023-03-15 18:15,"88,295","70,200","18,095",26
2023-03-15 18:20,"88,182","70,271","17,911",26
2023-03-15 18:25,"88,118","70,244","17,874",25
2023-03-15 18:30,"88,137","70,654","17,482",25
2023-03-15 18:35,"88,542","70,601","17,941",25
2023-03-15 18:40,"88,533","70,852","17,681",25
2023-03-15 18:45,"88,532","70,950","17,582",25
2023-03-15 18:50,"88,547","71,214","17,333",24
2023-03-15 18:55,"88,570","70,905","17,665",25
2023-03-15 19:00,"88,539","71,123","17,416",25
2023-03-15 19:05,"88,254","71,032","17,222",24
2023-03-15 19:10,"88,287","70,724","17,563",25
2023-03-15 19:15,"88,227","70,384","17,843",25
2023-03-15 19:20,"88,206","70,466","17,739",25
2023-03-15 19:25,"88,207","70,289","17,918",26
2023-03-15 19:30,"88,204","70,327","17,877",25
2023-03-15 19:35,"88,202","70,428","17,774",25
2023-03-15 19:40,"88,179","70,370","17,809",25
2023-03-15 19:45,"88,203","69,965","18,238",26
2023-03-15 19:50,"88,202","69,750","18,452",27
2023-03-15 19:55,"88,212","69,316","18,895",27
2023-03-15 20:00,"88,214","69,236","18,978",27
2023-03-15 20:05,"88,318","69,377","18,942",27
2023-03-15 20:10,"88,323","69,092","19,231",28
2023-03-15 20:15,"88,353","69,062","19,291",28
2023-03-15 20:20,"88,390","68,801","19,589",29
2023-03-15 20:25,"88,415","68,654","19,761",29
2023-03-15 20:30,"88,381","68,517","19,864",29
2023-03-15 20:35,"88,388","68,371","20,017",29
2023-03-15 20:40,"88,411","68,197","20,214",30
2023-03-15 20:45,"88,409","68,147","20,262",30
2023-03-15 20:50,"87,994","67,820","20,174",30
2023-03-15 20:55,"87,980","67,708","20,272",30
2023-03-15 21:00,"87,987","67,772","20,215",30
2023-03-15 21:05,"88,836","67,545","21,291",32
2023-03-15 21:10,"88,831","67,195","21,636",32
2023-03-15 21:15,"88,797","67,174","21,622",32
2023-03-15 21:20,"88,757","67,219","21,538",32
2023-03-15 21:25,"88,749","66,815","21,934",33
2023-03-15 21:30,"88,746","67,030","21,716",32
2023-03-15 21:35,"88,744","66,746","21,998",33
2023-03-15 21:40,"88,604","66,707","21,897",33
2023-03-15 21:45,"88,559","66,793","21,766",33
2023-03-15 21:50,"88,568","66,781","21,786",33
2023-03-15 21:55,"88,465","66,731","21,735",33
2023-03-15 22:00,"88,455","66,682","21,773",33
2023-03-15 22:05,"87,630","67,129","20,501",31
2023-03-15 22:10,"87,605","67,144","20,462",31
2023-03-15 22:15,"87,516","67,154","20,362",30
2023-03-15 22:20,"87,511","67,077","20,434",31
2023-03-15 22:25,"87,468","66,967","20,502",31
2023-03-15 22:30,"87,444","66,961","20,483",31
2023-03-15 22:35,"87,448","66,779","20,669",31
2023-03-15 22:40,"87,440","66,976","20,465",31
2023-03-15 22:45,"87,441","66,500","20,941",32
2023-03-15 22:50,"87,437","66,518","20,919",31
2023-03-15 22:55,"87,444","66,253","21,192",32
2023-03-15 23:00,"87,465","66,313","21,152",32
2023-03-15 23:05,"87,542","66,606","20,936",31
2023-03-15 23:10,"87,446","66,632","20,815",31
2023-03-15 23:15,"87,422","66,321","21,101",32
2023-03-15 23:20,"87,444","66,315","21,129",32
2023-03-15 23:25,"87,431","66,023","21,408",32
2023-03-15 23:30,"87,429","65,648","21,780",33
2023-03-15 23:35,"87,396","65,434","21,961",34
2023-03-15 23:40,"87,398","64,961","22,437",35
2023-03-15 23:45,"87,403","64,815","22,588",35
2023-03-15 23:50,"87,413","64,263","23,150",36
2023-03-15 23:55,"87,436","63,587","23,848",38
2023-03-16 00:00,"87,439","63,086","24,353",39
2023-03-16 00:05,"86,588","63,059","23,529",37
2023-03-16 00:10,"86,584","62,969","23,616",38
2023-03-16 00:15,"86,596","62,489","24,107",39
2023-03-16 00:20,"86,589","62,056","24,533",40
2023-03-16 00:25,"86,582","61,710","24,872",40
2023-03-16 00:30,"86,585","61,397","25,188",41
2023-03-16 00:35,"86,607","60,972","25,634",42
2023-03-16 00:40,"86,625","60,899","25,726",42
2023-03-16 00:45,"86,606","60,471","26,135",43
2023-03-16 00:50,"86,607","60,225","26,382",44
2023-03-16 00:55,"86,602","60,479","26,124",43
2023-03-16 01:00,"86,589","60,289","26,300",44
2023-03-16 01:05,"86,752","60,177","26,570",44
2023-03-16 01:10,"86,725","60,181","26,477",44
2023-03-16 01:15,"86,724","59,612","26,779",45
2023-03-16 01:20,"86,719","59,700","26,324",44
2023-03-16 01:25,"86,747","59,507","26,511",44
2023-03-16 01:30,"86,742","59,234","26,554",44
2023-03-16 01:35,"86,758","59,398","26,408",44
2023-03-16 01:40,"86,743","59,392","26,398",44
2023-03-16 01:45,"86,742","59,277","26,479",44
2023-03-16 01:50,"86,727","59,063","26,379",44
2023-03-16 01:55,"86,720","58,864","26,572",44
2023-03-16 02:00,"86,730","58,646","26,800",45
2023-03-16 02:05,"86,780","58,560","26,936",45
2023-03-16 02:10,"86,797","58,559","26,911",45
2023-03-16 02:15,"86,798","58,543","26,771",45
2023-03-16 02:20,"86,778","58,534","26,426",44
2023-03-16 02:25,"86,783","58,503","26,456",44
2023-03-16 02:30,"86,791","58,312","26,652",44
2023-03-16 02:35,"86,784","58,184","26,773",45
2023-03-16 02:40,"86,774","58,340","26,607",44
2023-03-16 02:45,"86,767","58,136","26,804",45
2023-03-16 02:50,"86,763","57,937","27,000",45
2023-03-16 02:55,"86,776","57,609","27,340",46
2023-03-16 03:00,"86,759","57,468","27,467",46
2023-03-16 03:05,"86,881","57,662","27,396",46
2023-03-16 03:10,"86,900","57,769","27,315",46
2023-03-16 03:15,"86,890","57,866","27,207",46
2023-03-16 03:20,"86,894","57,694","27,377",46
2023-03-16 03:25,"86,919","57,915","27,186",46
2023-03-16 03:30,"86,905","57,754","27,336",46
2023-03-16 03:35,"86,900","57,822","27,261",46
2023-03-16 03:40,"86,874","57,868","27,191",46
2023-03-16 03:45,"86,853","57,642","27,392",46
2023-03-16 03:50,"86,844","57,715","27,317",46
2023-03-16 03:55,"86,827","57,690","27,326",46
2023-03-16 04:00,"86,793","57,745","27,232",46
2023-03-16 04:05,"86,866","57,842","27,208",46
2023-03-16 04:10,"86,832","58,160","26,863",45
2023-03-16 04:15,"86,837","58,270","26,754",45
2023-03-16 04:20,"86,781","58,300","26,669",44
2023-03-16 04:25,"86,776","58,478","26,487",44
2023-03-16 04:30,"86,768","58,403","26,550",44
2023-03-16 04:35,"86,768","58,450","26,506",44
2023-03-16 04:40,"86,761","58,496","26,456",44
2023-03-16 04:45,"86,756","58,846","26,104",43
2023-03-16 04:50,"86,770","58,759","26,196",43
2023-03-16 04:55,"86,752","58,853","26,089",43
2023-03-16 05:00,"86,729","58,984","25,938",43
2023-03-16 05:05,"88,100","59,142","27,146",45
2023-03-16 05:10,"88,073","59,463","26,809",44
2023-03-16 05:15,"88,056","59,671","26,581",43
2023-03-16 05:20,"88,021","59,978","26,240",43
2023-03-16 05:25,"88,028","59,948","26,275",43
2023-03-16 05:30,"88,026","59,930","26,288",43
2023-03-16 05:35,"87,997","60,468","25,730",41
2023-03-16 05:40,"87,990","60,782","25,406",41
2023-03-16 05:45,"87,978","60,942","25,234",40
2023-03-16 05:50,"87,989","61,344","24,843",39
2023-03-16 05:55,"87,968","61,478","24,687",39
2023-03-16 06:00,"87,968","61,550","24,944",40
2023-03-16 06:05,"87,872","62,399","24,002",38
2023-03-16 06:10,"87,877","62,684","23,720",37
2023-03-16 06:15,"87,841","63,190","23,178",36
2023-03-16 06:20,"87,754","63,392","23,263",36
2023-03-16 06:25,"87,755","63,562","23,096",36
2023-03-16 06:30,"87,738","63,537","23,103",36
2023-03-16 06:35,"87,731","64,006","22,937",35
2023-03-16 06:40,"87,725","64,242","22,694",35
2023-03-16 06:45,"87,714","64,415","22,712",35
2023-03-16 06:50,"87,731","64,781","22,693",35
2023-03-16 06:55,"87,722","65,101","22,363",34
2023-03-16 07:00,"87,740","65,962","21,522",33
2023-03-16 07:05,"87,718","66,696","20,765",31
2023-03-16 07:10,"87,684","67,228","20,456",30
2023-03-16 07:15,"87,671","67,676","19,995",30
2023-03-16 07:20,"87,664","67,768","19,895",29
2023-03-16 07:25,"87,683","68,038","19,645",29
2023-03-16 07:30,"87,705","68,212","19,493",29
2023-03-16 07:35,"87,732","68,296","19,436",29
2023-03-16 07:40,"87,754","68,323","19,432",28
2023-03-16 07:45,"87,898","68,341","19,557",29
2023-03-16 07:50,"87,936","68,710","19,226",28
2023-03-16 07:55,"87,997","68,284","19,713",29
2023-03-16 08:00,"88,031","68,478","19,554",29
2023-03-16 08:05,"88,263","69,205","19,059",28
2023-03-16 08:10,"88,436","69,380","19,056",28
2023-03-16 08:15,"88,646","69,561","19,085",27
2023-03-16 08:20,"88,785","69,568","19,217",28
2023-03-16 08:25,"88,865","70,207","18,658",27
2023-03-16 08:30,"88,983","70,060","18,923",27
2023-03-16 08:35,"88,995","70,214","18,781",27
2023-03-16 08:40,"89,080","70,226","18,854",27
2023-03-16 08:45,"89,226","70,228","18,998",27
2023-03-16 08:50,"89,261","70,425","18,835",27
2023-03-16 08:55,"89,331","69,982","19,349",28
2023-03-16 09:00,"89,385","69,540","19,845",29
2023-03-16 09:05,"89,312","69,348","19,964",29
2023-03-16 09:10,"89,664","69,514","20,150",29
2023-03-16 09:15,"89,970","69,548","20,423",29
2023-03-16 09:20,"90,178","68,970","21,208",31
2023-03-16 09:25,"90,266","68,563","21,703",32
2023-03-16 09:30,"90,314","68,526","21,787",32
2023-03-16 09:35,"90,403","68,499","21,904",32
2023-03-16 09:40,"90,520","67,962","22,558",33
2023-03-16 09:45,"90,583","67,906","22,677",33
2023-03-16 09:50,"90,670","67,672","22,998",34
2023-03-16 09:55,"90,704","67,387","23,317",35
2023-03-16 10:00,"90,727","67,087","23,640",35
2023-03-16 10:05,"90,305","67,476","22,828",34
2023-03-16 10:10,"90,510","67,221","23,289",35
2023-03-16 10:15,"90,725","67,416","23,309",35
2023-03-16 10:20,"90,854","67,360","23,494",35
2023-03-16 10:25,"90,888","66,846","24,042",36
2023-03-16 10:30,"90,863","66,628","24,234",36
2023-03-16 10:35,"90,902","66,573","24,328",37
2023-03-16 10:40,"90,914","66,270","24,644",37
2023-03-16 10:45,"90,936","65,825","25,110",38
2023-03-16 10:50,"90,991","65,346","25,645",39
2023-03-16 10:55,"91,012","65,186","25,826",40
2023-03-16 11:00,"91,022","64,778","26,244",41
2023-03-16 11:05,"90,830","63,653","27,178",43
2023-03-16 11:10,"90,844","63,258","27,586",44
2023-03-16 11:15,"90,856","63,246","27,610",44
2023-03-16 11:20,"90,861","62,777","28,084",45
2023-03-16 11:25,"90,952","62,902","28,050",45
2023-03-16 11:30,"90,926","62,451","28,475",46
2023-03-16 11:35,"90,962","62,366","28,595",46
2023-03-16 11:40,"90,978","61,913","29,064",47
2023-03-16 11:45,"90,948","61,517","29,423",48
2023-03-16 11:50,"90,955","61,138","29,783",49
2023-03-16 11:55,"90,960","60,272","30,089",49
2023-03-16 12:00,"90,951","59,473","30,550",51
2023-03-16 12:05,"90,882","59,498","30,242",50
2023-03-16 12:10,"90,967","59,597","30,190",50
2023-03-16 12:15,"91,021","59,176","29,991",49
2023-03-16 12:20,"91,139","59,370","29,696",48
2023-03-16 12:25,"91,122","59,551","29,495",48
2023-03-16 12:30,"91,109","59,248","29,785",49
2023-03-16 12:35,"91,117","59,057","29,981",49
2023-03-16 12:40,"91,157","58,968","30,116",49
2023-03-16 12:45,"91,171","58,900","30,195",50
2023-03-16 12:50,"91,157","59,181","29,906",49
2023-03-16 12:55,"91,128","59,493","29,570",48
2023-03-16 13:00,"91,121","59,827","29,324",48
2023-03-16 13:05,"91,109","60,568","28,937",47
2023-03-16 13:10,"91,104","60,908","28,962",47
2023-03-16 13:15,"91,108","60,926","28,946",47
2023-03-16 13:20,"91,089","61,297","28,559",46
2023-03-16 13:25,"91,069","61,588","28,247",45
2023-03-16 13:30,"91,086","61,738","28,114",45
2023-03-16 13:35,"91,132","62,144","27,756",44
2023-03-16 13:40,"91,153","62,330","28,232",45
2023-03-16 13:45,"91,193","62,151","28,453",45
2023-03-16 13:50,"91,245","62,410","28,245",45
2023-03-16 13:55,"91,125","62,490","28,046",45
2023-03-16 14:00,"91,122","62,417","28,115",45
2023-03-16 14:05,"91,117","62,631","27,900",44
2023-03-16 14:10,"91,198","62,764","27,845",44
2023-03-16 14:15,"91,228","62,926","27,617",43
2023-03-16 14:20,"91,228","63,039","27,398",43
2023-03-16 14:25,"91,310","63,188","27,331",43
2023-03-16 14:30,"91,356","63,398","27,170",42
2023-03-16 14:35,"91,335","63,556","26,989",42
2023-03-16 14:40,"91,265","63,819","26,656",41
2023-03-16 14:45,"91,274","64,285","26,203",40
2023-03-16 14:50,"91,237","64,675","25,776",39
2023-03-16 14:55,"91,164","64,717","26,245",40
2023-03-16 15:00,"91,091","64,909","25,979",40
2023-03-16 15:05,"91,253","64,662","26,390",41
2023-03-16 15:10,"91,083","65,087","25,796",40
2023-03-16 15:15,"91,116","65,267","25,647",39
2023-03-16 15:20,"91,012","65,674","25,137",38
2023-03-16 15:25,"90,831","65,834","24,997",38
2023-03-16 15:30,"90,785","66,008","24,777",38
2023-03-16 15:35,"90,769","66,260","24,509",37
2023-03-16 15:40,"90,731","66,864","23,866",36
2023-03-16 15:45,"90,721","67,226","23,495",35
2023-03-16 15:50,"90,695","67,697","22,998",34
2023-03-16 15:55,"90,713","68,055","22,658",33
2023-03-16 16:00,"90,656","68,406","22,250",33
2023-03-16 16:05,"91,017","68,953","22,064",32
2023-03-16 16:10,"90,859","68,874","21,985",32
2023-03-16 16:15,"90,585","68,998","21,588",31
2023-03-16 16:20,"90,352","69,209","21,142",31
2023-03-16 16:25,"90,130","69,521","20,609",30
2023-03-16 16:30,"90,108","70,002","20,105",29
2023-03-16 16:35,"90,070","70,134","19,936",28
2023-03-16 16:40,"90,050","70,241","19,809",28
2023-03-16 16:45,"90,066","70,441","19,625",28
2023-03-16 16:50,"89,993","70,523","19,470",28
2023-03-16 16:55,"89,999","70,734","19,265",27
2023-03-16 17:00,"89,980","70,717","19,262",27
2023-03-16 17:05,"90,181","70,251","19,930",28
2023-03-16 17:10,"89,991","70,279","19,712",28
2023-03-16 17:15,"89,764","70,162","19,602",28
2023-03-16 17:20,"89,552","70,039","19,513",28
2023-03-16 17:25,"89,309","70,124","19,185",27
2023-03-16 17:30,"89,278","70,453","18,825",27
2023-03-16 17:35,"89,277","70,571","18,706",27
2023-03-16 17:40,"89,239","70,888","18,351",26
2023-03-16 17:45,"89,218","71,057","18,161",26
2023-03-16 17:50,"89,217","71,059","18,158",26
2023-03-16 17:55,"89,195","71,006","18,189",26
2023-03-16 18:00,"89,143","71,245","17,898",25
2023-03-16 18:05,"89,522","71,387","18,134",25
2023-03-16 18:10,"89,420","71,231","18,189",26
2023-03-16 18:15,"89,313","71,592","17,722",25
2023-03-16 18:20,"89,228","71,725","17,502",24
2023-03-16 18:25,"89,161","72,157","17,004",24
2023-03-16 18:30,"89,143","72,257","16,886",23
2023-03-16 18:35,"89,138","72,476","16,662",23
2023-03-16 18:40,"89,112","72,672","16,440",23
2023-03-16 18:45,"89,111","72,660","16,451",23
2023-03-16 18:50,"89,112","72,531","16,581",23
2023-03-16 18:55,"89,106","72,678","16,428",23
2023-03-16 19:00,"89,102","72,884","16,218",22
2023-03-16 19:05,"89,274","72,499","16,775",23
2023-03-16 19:10,"89,272","72,344","16,928",23
2023-03-16 19:15,"89,278","72,124","17,154",24
2023-03-16 19:20,"89,288","72,204","17,084",24
2023-03-16 19:25,"89,459","71,899","17,560",24
2023-03-16 19:30,"89,451","71,861","17,590",25
2023-03-16 19:35,"89,452","71,822","17,631",25
2023-03-16 19:40,"89,432","71,583","17,849",25
2023-03-16 19:45,"89,425","71,587","17,838",25
2023-03-16 19:50,"89,425","71,300","18,125",25
2023-03-16 19:55,"89,439","70,962","18,478",26
2023-03-16 20:00,"89,423","70,591","18,832",27
2023-03-16 20:05,"89,482","70,480","19,003",27
2023-03-16 20:10,"89,498","70,348","19,149",27
2023-03-16 20:15,"89,622","70,050","19,572",28
2023-03-16 20:20,"89,669","69,966","19,703",28
2023-03-16 20:25,"89,684","69,525","20,160",29
2023-03-16 20:30,"89,669","69,612","20,058",29
2023-03-16 20:35,"89,603","69,608","19,995",29
2023-03-16 20:40,"89,584","69,418","20,166",29
2023-03-16 20:45,"89,599","69,042","20,557",30
2023-03-16 20:50,"89,557","68,767","20,790",30
2023-03-16 20:55,"89,586","68,677","20,909",30
2023-03-16 21:00,"89,579","68,623","20,956",31
2023-03-16 21:05,"89,405","68,436","20,970",31
2023-03-16 21:10,"89,415","68,296","21,119",31
2023-03-16 21:15,"89,347","68,148","21,199",31
2023-03-16 21:20,"89,281","68,002","21,279",31
2023-03-16 21:25,"89,269","67,829","21,440",32
2023-03-16 21:30,"89,232","67,730","21,502",32
2023-03-16 21:35,"88,967","67,721","21,246",31
2023-03-16 21:40,"88,876","67,523","21,353",32
2023-03-16 21:45,"88,754","67,484","21,269",32
2023-03-16 21:50,"88,534","67,548","20,986",31
2023-03-16 21:55,"88,480","67,305","21,175",32
2023-03-16 22:00,"87,446","67,341","20,105",30
2023-03-16 22:05,"87,515","67,897","19,618",29
2023-03-16 22:10,"87,457","68,170","19,288",28
2023-03-16 22:15,"87,868","67,834","20,034",30
2023-03-16 22:20,"87,786","68,244","19,542",29
2023-03-16 22:25,"87,739","67,966","19,773",29
2023-03-16 22:30,"87,737","67,625","20,112",30
2023-03-16 22:35,"87,736","67,375","20,361",30
2023-03-16 22:40,"87,735","67,064","20,672",31
2023-03-16 22:45,"87,738","67,286","20,452",30
2023-03-16 22:50,"87,727","67,257","20,471",30
2023-03-16 22:55,"87,506","67,099","20,407",30
2023-03-16 23:00,"87,504","67,569","19,935",30
2023-03-16 23:05,"87,728","67,798","19,931",29
2023-03-16 23:10,"87,687","67,583","20,103",30
2023-03-16 23:15,"87,633","67,307","20,326",30
2023-03-16 23:20,"87,583","67,192","20,391",30
2023-03-16 23:25,"87,542","66,845","20,697",31
2023-03-16 23:30,"87,553","66,627","20,926",31
2023-03-16 23:35,"87,552","66,128","21,424",32
2023-03-16 23:40,"87,545","65,937","21,608",33
2023-03-16 23:45,"87,553","65,542","22,011",34
2023-03-16 23:50,"87,540","65,079","22,461",35
2023-03-16 23:55,"87,540","64,686","22,854",35
2023-03-17 00:00,"87,539","64,320","23,220",36
2023-03-17 00:05,"86,743","64,251","22,492",35
2023-03-17 00:10,"86,723","63,931","22,792",36
2023-03-17 00:15,"86,705","63,346","23,359",37
2023-03-17 00:20,"86,644","62,883","23,762",38
2023-03-17 00:25,"86,629","62,463","24,166",39
2023-03-17 00:30,"86,601","62,211","24,390",39
2023-03-17 00:35,"86,612","62,065","24,548",40
2023-03-17 00:40,"86,617","61,984","24,632",40
2023-03-17 00:45,"86,628","61,458","25,170",41
2023-03-17 00:50,"86,627","61,235","25,392",42
2023-03-17 00:55,"86,624","61,237","25,387",42
2023-03-17 01:00,"86,613","61,022","25,591",42
2023-03-17 01:05,"86,678","60,613","26,064",43
2023-03-17 01:10,"86,676","60,355","26,308",44
2023-03-17 01:15,"86,655","60,289","26,136",43
2023-03-17 01:20,"86,643","59,995","26,271",44
2023-03-17 01:25,"86,646","59,936","26,304",44
2023-03-17 01:30,"86,618","59,921","26,063",43
2023-03-17 01:35,"86,610","59,738","26,238",44
2023-03-17 01:40,"86,592","59,514","26,196",43
2023-03-17 01:45,"86,597","59,625","26,027",43
2023-03-17 01:50,"86,607","59,564","26,086",43
2023-03-17 01:55,"86,601","59,154","26,235",44
2023-03-17 02:00,"86,595","59,011","26,376",44
2023-03-17 02:05,"86,754","59,211","26,167",43
2023-03-17 02:10,"86,733","59,197","26,126",43
2023-03-17 02:15,"86,702","59,121","26,172",43
2023-03-17 02:20,"86,712","58,641","26,322",44
2023-03-17 02:25,"86,697","58,538","26,412",44
2023-03-17 02:30,"86,690","58,602","26,342",44
2023-03-17 02:35,"86,701","58,408","26,549",44
2023-03-17 02:40,"86,692","58,432","26,515",44
2023-03-17 02:45,"86,693","58,420","26,532",44
2023-03-17 02:50,"86,696","58,410","26,548",44
2023-03-17 02:55,"86,690","58,024","26,923",45
2023-03-17 03:00,"86,696","58,267","26,691",45
2023-03-17 03:05,"86,787","58,312","26,734",45
2023-03-17 03:10,"86,750","58,215","26,798",45
2023-03-17 03:15,"86,755","58,059","26,958",45
2023-03-17 03:20,"86,775","57,989","27,049",45
2023-03-17 03:25,"86,770","58,107","26,927",45
2023-03-17 03:30,"86,754","58,024","26,993",45
2023-03-17 03:35,"86,752","58,112","26,901",45
2023-03-17 03:40,"86,750","58,244","26,773",45
2023-03-17 03:45,"86,751","58,351","26,667",44
2023-03-17 03:50,"86,753","58,287","26,731",45
2023-03-17 03:55,"86,756","58,226","26,797",45
2023-03-17 04:00,"86,752","58,164","26,854",45
2023-03-17 04:05,"86,781","58,523","26,530",44
2023-03-17 04:10,"86,761","58,478","26,551",44
2023-03-17 04:15,"86,745","58,507","26,504",44
2023-03-17 04:20,"86,732","58,400","26,597",44
2023-03-17 04:25,"86,749","58,405","26,613",44
2023-03-17 04:30,"86,753","58,524","26,499",44
2023-03-17 04:35,"86,740","58,753","26,258",43
2023-03-17 04:40,"86,735","59,004","26,006",43
2023-03-17 04:45,"86,767","59,021","26,019",43
2023-03-17 04:50,"86,767","58,920","26,118",43
2023-03-17 04:55,"86,752","59,037","25,990",43
2023-03-17 05:00,"86,768","59,312","25,730",42
2023-03-17 05:05,"87,950","59,586","26,634",43
2023-03-17 05:10,"87,935","59,744","26,466",43
2023-03-17 05:15,"87,908","60,140","26,047",42
2023-03-17 05:20,"87,928","59,845","26,356",43
2023-03-17 05:25,"87,922","60,304","25,891",42
2023-03-17 05:30,"87,911","60,381","25,806",42
2023-03-17 05:35,"87,910","60,770","25,415",41
2023-03-17 05:40,"87,924","61,010","25,189",40
2023-03-17 05:45,"87,923","61,016","25,184",40
2023-03-17 05:50,"87,903","61,204","24,973",40
2023-03-17 05:55,"87,914","61,321","24,918",40
2023-03-17 06:00,"87,926","62,199","24,536",39
2023-03-17 06:05,"88,097","62,575","24,328",38
2023-03-17 06:10,"88,105","63,271","23,895",37
2023-03-17 06:15,"88,107","63,240","23,928",37
2023-03-17 06:20,"88,098","63,337","23,824",37
2023-03-17 06:25,"88,100","63,733","23,432",36
2023-03-17 06:30,"88,098","63,798","23,365",36
2023-03-17 06:35,"88,098","63,590","23,828",37
2023-03-17 06:40,"88,099","63,931","23,493",36
2023-03-17 06:45,"88,102","64,429","22,996",35
2023-03-17 06:50,"88,111","64,886","22,547",34
2023-03-17 06:55,"88,120","65,306","22,135",34
2023-03-17 07:00,"88,042","65,619","22,114",34
2023-03-17 07:05,"88,394","66,523","21,871",33
2023-03-17 07:10,"88,402","66,866","21,536",32
2023-03-17 07:15,"88,426","67,432","20,994",31
2023-03-17 07:20,"88,435","67,564","20,871",31
2023-03-17 07:25,"88,454","67,490","20,963",31
2023-03-17 07:30,"88,473","67,532","20,941",31
2023-03-17 07:35,"88,498","67,834","20,663",31
2023-03-17 07:40,"88,512","68,276","20,236",30
2023-03-17 07:45,"88,522","68,487","20,035",29
2023-03-17 07:50,"88,535","68,663","19,872",29
2023-03-17 07:55,"88,570","68,886","19,685",29
2023-03-17 08:00,"88,598","69,465","19,132",28
2023-03-17 08:05,"88,518","69,851","18,667",27
2023-03-17 08:10,"88,578","70,150","18,429",26
2023-03-17 08:15,"88,707","70,519","18,188",26
2023-03-17 08:20,"88,823","70,989","17,834",25
2023-03-17 08:25,"88,915","71,080","17,835",25
2023-03-17 08:30,"88,948","71,620","17,329",24
2023-03-17 08:35,"88,978","71,767","17,212",24
2023-03-17 08:40,"89,027","71,836","17,191",24
2023-03-17 08:45,"89,046","71,834","17,212",24
2023-03-17 08:50,"89,064","72,044","17,020",24
2023-03-17 08:55,"89,103","72,058","17,045",24
2023-03-17 09:00,"89,127","72,070","17,056",24
2023-03-17 09:05,"88,951","71,945","17,006",24
2023-03-17 09:10,"89,164","72,048","17,116",24
2023-03-17 09:15,"89,412","72,152","17,261",24
2023-03-17 09:20,"89,588","72,163","17,425",24
2023-03-17 09:25,"89,162","72,048","17,114",24
2023-03-17 09:30,"89,162","71,600","17,561",25
2023-03-17 09:35,"89,184","71,671","17,513",24
2023-03-17 09:40,"89,193","71,452","17,740",25
2023-03-17 09:45,"89,202","71,305","17,897",25
2023-03-17 09:50,"89,222","71,306","17,916",25
2023-03-17 09:55,"89,213","71,028","18,185",26
2023-03-17 10:00,"89,232","70,671","18,560",26
2023-03-17 10:05,"88,998","70,920","18,078",26
2023-03-17 10:10,"89,129","70,806","18,323",26
2023-03-17 10:15,"88,969","70,908","18,061",26
2023-03-17 10:20,"89,060","70,959","18,102",26
2023-03-17 10:25,"89,066","71,252","17,814",25
2023-03-17 10:30,"89,077","70,772","18,305",26
2023-03-17 10:35,"89,100","70,482","18,618",26
2023-03-17 10:40,"89,081","70,437","18,644",27
2023-03-17 10:45,"89,078","70,346","18,732",27
2023-03-17 10:50,"89,093","70,529","18,564",26
2023-03-17 10:55,"89,134","70,167","18,968",27
2023-03-17 11:00,"89,207","69,540","19,667",28
2023-03-17 11:05,"88,984","69,141","19,843",29
2023-03-17 11:10,"88,925","68,570","20,355",30
2023-03-17 11:15,"88,969","68,481","20,488",30
2023-03-17 11:20,"88,984","68,223","20,761",30
2023-03-17 11:25,"88,952","67,826","21,126",31
2023-03-17 11:30,"88,960","67,578","21,382",32
2023-03-17 11:35,"88,973","66,935","22,038",33
2023-03-17 11:40,"88,989","66,752","22,238",33
2023-03-17 11:45,"88,991","66,432","22,560",34
2023-03-17 11:50,"88,963","65,828","23,079",35
2023-03-17 11:55,"88,959","64,756","23,928",37
2023-03-17 12:00,"88,994","64,207","24,159",37
2023-03-17 12:05,"88,920","64,196","23,897",37
2023-03-17 12:10,"89,015","64,125","24,053",37
2023-03-17 12:15,"89,059","63,930","23,687",36
2023-03-17 12:20,"89,047","64,149","23,183",35
2023-03-17 12:25,"89,077","64,043","23,304",35
2023-03-17 12:30,"89,078","63,957","23,392",36
2023-03-17 12:35,"89,077","63,824","23,523",36
2023-03-17 12:40,"89,047","63,750","23,567",36
2023-03-17 12:45,"89,046","63,992","23,326",36
2023-03-17 12:50,"89,048","64,442","22,884",35
2023-03-17 12:55,"89,025","64,873","22,432",34
2023-03-17 13:00,"89,068","65,566","21,781",32
2023-03-17 13:05,"88,848","65,958","21,788",33
2023-03-17 13:10,"88,852","66,691","21,064",31
2023-03-17 13:15,"88,774","67,188","20,798",31
2023-03-17 13:20,"88,718","66,990","20,940",31
2023-03-17 13:25,"88,719","67,372","20,559",30
2023-03-17 13:30,"88,700","67,695","20,217",30
2023-03-17 13:35,"88,692","68,088","20,144",29
2023-03-17 13:40,"88,712","68,296","20,218",30
2023-03-17 13:45,"88,723","68,504","20,219",30
2023-03-17 13:50,"88,761","68,735","20,026",29
2023-03-17 13:55,"88,742","68,957","19,786",29
2023-03-17 14:00,"88,777","69,261","19,516",28
2023-03-17 14:05,"88,670","68,913","19,757",29
2023-03-17 14:10,"88,612","69,021","19,591",28
2023-03-17 14:15,"88,537","69,000","19,537",28
2023-03-17 14:20,"88,426","68,901","19,525",28
2023-03-17 14:25,"88,371","69,198","19,173",28
2023-03-17 14:30,"88,204","69,077","19,127",28
2023-03-17 14:35,"88,120","69,117","19,003",28
2023-03-17 14:40,"88,109","69,121","18,989",28
2023-03-17 14:45,"88,092","69,113","18,979",28
2023-03-17 14:50,"88,089","69,066","19,023",28
2023-03-17 14:55,"88,006","69,107","18,899",27
2023-03-17 15:00,"88,036","69,063","18,973",28
2023-03-17 15:05,"88,009","68,938","19,070",28
2023-03-17 15:10,"87,962","68,880","19,081",28
2023-03-17 15:15,"87,924","68,956","18,968",28
2023-03-17 15:20,"87,857","69,134","18,723",27
2023-03-17 15:25,"87,774","69,221","18,553",27
2023-03-17 15:30,"87,757","69,353","18,404",27
2023-03-17 15:35,"87,749","69,335","18,414",27
2023-03-17 15:40,"87,760","69,446","18,314",26
2023-03-17 15:45,"88,029","69,582","18,446",27
2023-03-17 15:50,"88,010","69,847","18,163",26
2023-03-17 15:55,"87,909","70,210","17,699",25
2023-03-17 16:00,"87,914","70,511","17,403",25
2023-03-17 16:05,"88,005","70,485","17,521",25
2023-03-17 16:10,"87,957","70,531","17,426",25
2023-03-17 16:15,"87,899","70,774","17,124",24
2023-03-17 16:20,"87,826","70,831","16,994",24
2023-03-17 16:25,"87,732","70,651","17,081",24
2023-03-17 16:30,"87,616","70,834","16,782",24
2023-03-17 16:35,"87,471","70,983","16,488",23
2023-03-17 16:40,"87,434","71,086","16,348",23
2023-03-17 16:45,"87,436","71,200","16,236",23
2023-03-17 16:50,"87,431","71,032","16,399",23
2023-03-17 16:55,"87,430","70,581","16,848",24
2023-03-17 17:00,"87,402","70,279","17,123",24
2023-03-17 17:05,"87,582","69,553","18,029",26
2023-03-17 17:10,"87,550","69,843","17,707",25
2023-03-17 17:15,"87,547","69,762","17,784",26
2023-03-17 17:20,"87,530","69,903","17,627",25
2023-03-17 17:25,"87,486","69,683","17,802",26
2023-03-17 17:30,"87,485","69,509","17,976",26
2023-03-17 17:35,"87,502","69,668","17,834",26
2023-03-17 17:40,"87,498","70,011","17,488",25
2023-03-17 17:45,"87,485","69,902","17,583",25
2023-03-17 17:50,"87,477","69,710","17,767",26
2023-03-17 17:55,"87,476","69,682","17,793",26
2023-03-17 18:00,"87,475","69,809","17,666",25
2023-03-17 18:05,"87,528","69,556","17,971",26
2023-03-17 18:10,"87,470","69,984","17,486",25
2023-03-17 18:15,"87,462","70,023","17,438",25
2023-03-17 18:20,"87,418","69,814","17,604",25
2023-03-17 18:25,"87,455","70,349","17,107",24
2023-03-17 18:30,"87,406","70,382","17,024",24
2023-03-17 18:35,"87,365","70,280","17,085",24
2023-03-17 18:40,"87,343","70,554","16,789",24
2023-03-17 18:45,"87,338","70,459","16,880",24
2023-03-17 18:50,"87,317","70,683","16,634",24
2023-03-17 18:55,"87,317","70,476","16,840",24
2023-03-17 19:00,"87,311","70,627","16,684",24
2023-03-17 19:05,"87,468","70,322","17,146",24
2023-03-17 19:10,"87,428","70,354","17,074",24
2023-03-17 19:15,"87,422","70,266","17,156",24
2023-03-17 19:20,"87,415","69,961","17,454",25
2023-03-17 19:25,"87,421","69,975","17,446",25
2023-03-17 19:30,"87,943","69,549","18,394",26
2023-03-17 19:35,"87,949","69,508","18,440",27
2023-03-17 19:40,"87,957","69,551","18,406",27
2023-03-17 19:45,"87,934","69,201","18,734",27
2023-03-17 19:50,"87,937","68,921","19,016",28
2023-03-17 19:55,"87,928","69,095","18,833",27
2023-03-17 20:00,"87,927","69,086","18,840",27
2023-03-17 20:05,"88,026","68,638","19,388",28
2023-03-17 20:10,"88,021","68,365","19,656",29
2023-03-17 20:15,"88,045","68,060","19,985",29
2023-03-17 20:20,"88,090","68,036","20,054",30
2023-03-17 20:25,"88,082","67,935","20,146",30
2023-03-17 20:30,"88,083","67,915","20,168",30
2023-03-17 20:35,"87,997","67,542","20,455",30
2023-03-17 20:40,"87,850","67,376","20,474",30
2023-03-17 20:45,"87,839","67,131","20,708",31
2023-03-17 20:50,"87,824","67,161","20,663",31
2023-03-17 20:55,"87,935","66,963","20,972",31
2023-03-17 21:00,"88,092","66,914","21,178",32
2023-03-17 21:05,"88,317","66,613","21,704",33
2023-03-17 21:10,"88,356","66,510","21,846",33
2023-03-17 21:15,"88,334","66,492","21,842",33
2023-03-17 21:20,"88,308","66,205","22,103",33
2023-03-17 21:25,"88,308","66,179","22,128",33
2023-03-17 21:30,"88,309","65,953","22,356",34
2023-03-17 21:35,"88,302","65,999","22,304",34
2023-03-17 21:40,"88,295","65,598","22,697",35
2023-03-17 21:45,"88,273","65,187","23,086",35
2023-03-17 21:50,"87,966","65,359","22,607",35
2023-03-17 21:55,"87,808","65,236","22,571",35
2023-03-17 22:00,"87,802","65,671","22,131",34
2023-03-17 22:05,"87,875","66,024","21,851",33
2023-03-17 22:10,"87,878","66,175","21,703",33
2023-03-17 22:15,"87,987","66,307","21,680",33
2023-03-17 22:20,"88,240","66,431","21,809",33
2023-03-17 22:25,"88,296","66,423","21,873",33
2023-03-17 22:30,"88,331","66,347","21,984",33
2023-03-17 22:35,"88,333","65,913","22,420",34
2023-03-17 22:40,"88,340","65,788","22,552",34
2023-03-17 22:45,"88,360","65,794","22,567",34
2023-03-17 22:50,"88,355","65,848","22,507",34
2023-03-17 22:55,"88,307","65,537","22,770",35
2023-03-17 23:00,"87,994","65,942","22,052",33
2023-03-17 23:05,"86,788","66,519","20,268",31
2023-03-17 23:10,"86,771","66,363","20,408",31
2023-03-17 23:15,"86,745","66,195","20,550",31
2023-03-17 23:20,"86,712","66,139","20,573",31
2023-03-17 23:25,"86,703","65,815","20,888",32
2023-03-17 23:30,"86,709","65,320","21,389",33
2023-03-17 23:35,"86,645","64,754","21,891",34
2023-03-17 23:40,"86,650","64,743","21,907",34
2023-03-17 23:45,"86,663","64,467","22,196",34
2023-03-17 23:50,"86,642","64,289","22,353",35
2023-03-17 23:55,"86,637","63,765","22,872",36
2023-03-18 00:00,"86,633","62,958","23,676",38
2023-03-18 00:05,"84,285","62,530","21,754",35
2023-03-18 00:10,"84,261","62,325","21,935",35
2023-03-18 00:15,"84,232","61,932","22,299",36
2023-03-18 00:20,"84,536","61,810","22,725",37
2023-03-18 00:25,"84,527","61,312","23,215",38
2023-03-18 00:30,"84,531","60,908","23,622",39
2023-03-18 00:35,"84,538","61,007","23,531",39
2023-03-18 00:40,"84,542","60,824","23,718",39
2023-03-18 00:45,"84,533","60,490","24,042",40
2023-03-18 00:50,"84,538","60,302","24,236",40
2023-03-18 00:55,"84,544","60,043","24,501",41
2023-03-18 01:00,"84,534","59,793","24,742",41
2023-03-18 01:05,"84,812","59,480","25,332",43
2023-03-18 01:10,"84,806","59,368","25,438",43
2023-03-18 01:15,"84,794","58,969","25,825",44
2023-03-18 01:20,"84,783","59,086","25,697",44
2023-03-18 01:25,"84,780","59,136","25,644",43
2023-03-18 01:30,"84,786","58,901","25,884",44
2023-03-18 01:35,"84,783","58,624","26,159",45
2023-03-18 01:40,"84,782","58,384","26,398",45
2023-03-18 01:45,"84,769","58,565","26,204",45
2023-03-18 01:50,"84,769","58,537","26,232",45
2023-03-18 01:55,"84,786","58,195","26,592",46
2023-03-18 02:00,"84,786","57,503","27,283",47
2023-03-18 02:05,"84,884","57,597","27,288",47
2023-03-18 02:10,"84,890","57,729","27,161",47
2023-03-18 02:15,"84,898","57,813","27,086",47
2023-03-18 02:20,"84,908","57,665","27,243",47
2023-03-18 02:25,"84,920","57,477","27,443",48
2023-03-18 02:30,"84,930","57,500","27,421",48
2023-03-18 02:35,"84,936","57,580","27,322",47
2023-03-18 02:40,"84,937","57,294","27,265",47
2023-03-18 02:45,"84,930","57,372","27,181",47
2023-03-18 02:50,"84,944","57,067","27,499",48
2023-03-18 02:55,"84,941","57,042","27,521",48
2023-03-18 03:00,"84,926","56,862","27,687",48
2023-03-18 03:05,"84,970","56,720","27,872",49
2023-03-18 03:10,"85,013","56,571","27,725",48
2023-03-18 03:15,"85,003","56,708","27,581",48
2023-03-18 03:20,"84,991","56,630","27,331",47
2023-03-18 03:25,"85,006","56,344","27,630",48
2023-03-18 03:30,"85,008","56,678","27,300",47
2023-03-18 03:35,"84,995","56,914","27,052",47
2023-03-18 03:40,"85,005","56,852","27,123",47
2023-03-18 03:45,"85,008","56,726","27,250",47
2023-03-18 03:50,"85,008","56,628","27,350",47
2023-03-18 03:55,"84,997","56,708","27,261",47
2023-03-18 04:00,"84,939","56,484","27,423",48
2023-03-18 04:05,"84,998","56,354","27,615",48
2023-03-18 04:10,"85,666","56,600","28,040",49
2023-03-18 04:15,"85,697","56,708","27,919",48
2023-03-18 04:20,"85,699","56,702","27,764",48
2023-03-18 04:25,"85,668","56,791","27,645",48
2023-03-18 04:30,"85,657","56,808","27,617",48
2023-03-18 04:35,"85,650","56,887","27,530",47
2023-03-18 04:40,"85,652","56,821","27,596",48
2023-03-18 04:45,"85,641","57,055","27,356",47
2023-03-18 04:50,"85,642","56,993","27,418",47
2023-03-18 04:55,"85,649","56,963","27,456",47
2023-03-18 05:00,"85,652","56,740","27,677",48
2023-03-18 05:05,"85,955","56,935","27,789",48
2023-03-18 05:10,"85,965","57,499","27,611",47
2023-03-18 05:15,"85,957","57,331","27,771",48
2023-03-18 05:20,"85,950","57,635","27,486",47
2023-03-18 05:25,"85,915","57,606","28,102",49
2023-03-18 05:30,"85,927","57,790","27,932",48
2023-03-18 05:35,"85,947","57,808","27,934",48
2023-03-18 05:40,"85,964","57,842","28,122",49
2023-03-18 05:45,"85,992","57,920","28,071",49
2023-03-18 05:50,"85,999","58,086","27,913",48
2023-03-18 05:55,"85,975","58,306","27,670",48
2023-03-18 06:00,"85,964","58,068","27,896",48
2023-03-18 06:05,"86,123","58,788","27,335",47
2023-03-18 06:10,"86,130","58,962","27,168",46
2023-03-18 06:15,"86,140","58,762","27,377",47
2023-03-18 06:20,"86,144","58,787","27,357",47
2023-03-18 06:25,"86,145","58,948","27,197",46
2023-03-18 06:30,"86,106","58,676","27,430",47
2023-03-18 06:35,"86,098","58,979","27,118",46
2023-03-18 06:40,"86,102","59,085","27,016",46
2023-03-18 06:45,"86,103","59,123","26,981",46
2023-03-18 06:50,"86,105","59,004","27,102",46
2023-03-18 06:55,"86,107","58,990","27,117",46
2023-03-18 07:00,"86,100","58,996","27,104",46
2023-03-18 07:05,"85,581","59,401","26,180",44
2023-03-18 07:10,"85,597","59,511","26,086",44
2023-03-18 07:15,"85,598","59,558","26,040",44
2023-03-18 07:20,"85,605","59,379","26,226",44
2023-03-18 07:25,"85,633","59,423","26,210",44
2023-03-18 07:30,"85,635","59,398","26,237",44
2023-03-18 07:35,"86,621","59,352","27,268",46
2023-03-18 07:40,"86,649","58,934","27,715",47
2023-03-18 07:45,"86,677","58,683","27,994",48
2023-03-18 07:50,"86,683","58,593","28,090",48
2023-03-18 07:55,"86,708","58,045","28,663",49
2023-03-18 08:00,"86,745","58,060","28,685",49
2023-03-18 08:05,"86,521","58,245","28,276",49
2023-03-18 08:10,"86,652","58,202","28,450",49
2023-03-18 08:15,"86,812","58,356","28,455",49
2023-03-18 08:20,"86,945","58,187","28,758",49
2023-03-18 08:25,"86,977","58,431","28,547",49
2023-03-18 08:30,"87,019","58,360","28,659",49
2023-03-18 08:35,"87,045","58,313","28,733",49
2023-03-18 08:40,"87,094","57,982","29,111",50
2023-03-18 08:45,"87,140","57,821","29,319",51
2023-03-18 08:50,"87,174","57,827","29,347",51
2023-03-18 08:55,"87,207","57,255","29,952",52
2023-03-18 09:00,"87,262","57,178","30,084",53
2023-03-18 09:05,"87,098","57,056","30,042",53
2023-03-18 09:10,"87,354","57,124","30,230",53
2023-03-18 09:15,"87,588","56,841","30,748",54
2023-03-18 09:20,"87,843","57,120","30,723",54
2023-03-18 09:25,"87,922","56,894","31,028",55
2023-03-18 09:30,"87,985","56,234","31,751",57
2023-03-18 09:35,"88,036","56,065","31,971",57
2023-03-18 09:40,"88,108","55,762","32,347",58
2023-03-18 09:45,"88,096","55,706","32,382",58
2023-03-18 09:50,"88,190","55,554","32,437",58
2023-03-18 09:55,"88,276","55,078","32,820",59
2023-03-18 10:00,"88,321","54,677","33,268",60
2023-03-18 10:05,"87,150","55,054","31,719",57
2023-03-18 10:10,"87,392","54,790","32,224",58
2023-03-18 10:15,"87,678","55,043","32,246",58
2023-03-18 10:20,"88,033","54,997","32,402",58
2023-03-18 10:25,"88,151","55,162","32,353",58
2023-03-18 10:30,"88,326","54,552","33,137",60
2023-03-18 10:35,"88,468","54,296","33,537",61
2023-03-18 10:40,"88,560","54,044","33,880",62
2023-03-18 10:45,"88,605","53,958","33,678",61
2023-03-18 10:50,"88,653","53,614","34,068",62
2023-03-18 10:55,"88,620","53,332","34,317",63
2023-03-18 11:00,"88,622","52,852","34,797",65
2023-03-18 11:05,"88,379","52,748","34,659",65
2023-03-18 11:10,"88,382","52,663","34,746",65
2023-03-18 11:15,"88,441","52,342","35,128",66
2023-03-18 11:20,"88,472","52,138","35,363",67
2023-03-18 11:25,"88,514","51,992","35,538",67
2023-03-18 11:30,"88,543","51,568","35,674",68
2023-03-18 11:35,"88,545","51,354","35,887",68
2023-03-18 11:40,"88,558","50,671","36,581",70
2023-03-18 11:45,"88,578","50,394","36,869",71
2023-03-18 11:50,"88,593","50,116","37,028",72
2023-03-18 11:55,"88,556","49,778","37,095",72
2023-03-18 12:00,"88,525","49,245","37,290",73
2023-03-18 12:05,"88,403","49,363","37,023",72
2023-03-18 12:10,"88,474","48,950","37,327",73
2023-03-18 12:15,"88,271","48,746","37,336",73
2023-03-18 12:20,"88,437","48,794","37,446",73
2023-03-18 12:25,"88,469","48,513","37,461",73
2023-03-18 12:30,"88,476","48,315","37,664",74
2023-03-18 12:35,"88,488","48,523","37,471",73
2023-03-18 12:40,"88,477","48,082","37,894",75
2023-03-18 12:45,"88,470","48,113","37,865",75
2023-03-18 12:50,"88,471","47,844","38,128",76
2023-03-18 12:55,"88,487","47,739","38,255",76
2023-03-18 13:00,"88,514","48,156","37,877",75
2023-03-18 13:05,"87,376","48,313","36,583",72
2023-03-18 13:10,"87,512","48,414","36,615",72
2023-03-18 13:15,"87,578","48,670","36,431",71
2023-03-18 13:20,"87,635","48,639","36,514",71
2023-03-18 13:25,"87,628","48,421","36,718",72
2023-03-18 13:30,"87,630","48,611","36,538",72
2023-03-18 13:35,"87,632","48,643","36,510",71
2023-03-18 13:40,"87,637","48,929","36,243",71
2023-03-18 13:45,"87,673","48,861","36,336",71
2023-03-18 13:50,"87,674","49,062","36,142",70
2023-03-18 13:55,"87,655","48,960","36,226",70
2023-03-18 14:00,"87,677","49,090","36,110",70
2023-03-18 14:05,"87,744","48,926","36,341",71
2023-03-18 14:10,"87,771","49,236","36,070",70
2023-03-18 14:15,"87,826","48,761","36,596",71
2023-03-18 14:20,"87,868","48,665","36,732",72
2023-03-18 14:25,"87,865","49,089","36,315",70
2023-03-18 14:30,"87,822","49,310","36,060",70
2023-03-18 14:35,"87,666","49,383","35,824",69
2023-03-18 14:40,"87,500","49,631","35,413",68
2023-03-18 14:45,"87,481","49,508","35,514",68
2023-03-18 14:50,"87,462","49,647","35,365",68
2023-03-18 14:55,"87,447","49,990","35,013",67
2023-03-18 15:00,"87,420","49,712","35,251",68
2023-03-18 15:05,"87,655","49,831","35,373",68
2023-03-18 15:10,"87,679","49,991","34,916",66
2023-03-18 15:15,"87,630","50,293","34,563",65
2023-03-18 15:20,"87,594","50,356","34,468",65
2023-03-18 15:25,"87,559","50,764","34,336",65
2023-03-18 15:30,"87,500","50,790","34,254",64
2023-03-18 15:35,"87,460","51,335","33,987",64
2023-03-18 15:40,"87,414","51,507","33,772",63
2023-03-18 15:45,"87,396","51,645","33,980",64
2023-03-18 15:50,"87,384","51,940","33,678",63
2023-03-18 15:55,"87,318","51,976","33,574",63
2023-03-18 16:00,"87,321","52,371","33,183",61
2023-03-18 16:05,"87,242","52,599","32,879",61
2023-03-18 16:10,"87,026","52,684","32,834",61
2023-03-18 16:15,"86,787","53,038","32,246",59
2023-03-18 16:20,"86,607","53,032","32,064",59
2023-03-18 16:25,"86,589","53,519","31,568",57
2023-03-18 16:30,"86,553","53,963","31,088",56
2023-03-18 16:35,"86,517","54,384","30,630",55
2023-03-18 16:40,"86,509","54,494","30,807",55
2023-03-18 16:45,"86,393","54,951","30,244",54
2023-03-18 16:50,"86,326","55,223","29,898",53
2023-03-18 16:55,"86,284","55,513","29,566",52
2023-03-18 17:00,"86,256","56,166","28,886",50
2023-03-18 17:05,"86,100","56,042","28,855",50
2023-03-18 17:10,"85,635","56,089","28,344",50
2023-03-18 17:15,"85,019","56,133","27,687",48
2023-03-18 17:20,"84,612","56,288","27,125",47
2023-03-18 17:25,"84,562","56,752","26,978",47
2023-03-18 17:30,"84,497","57,304","27,193",48
2023-03-18 17:35,"84,478","57,515","26,962",47
2023-03-18 17:40,"84,462","58,064","26,398",46
2023-03-18 17:45,"84,421","58,529","25,893",44
2023-03-18 17:50,"84,396","58,648","25,748",44
2023-03-18 17:55,"84,370","58,700","25,670",44
2023-03-18 18:00,"84,342","59,141","25,200",43
2023-03-18 18:05,"84,488","59,531","24,957",42
2023-03-18 18:10,"84,362","59,543","24,820",42
2023-03-18 18:15,"84,154","59,600","24,554",41
2023-03-18 18:20,"83,959","60,050","23,908",40
2023-03-18 18:25,"83,777","60,250","23,527",39
2023-03-18 18:30,"83,772","60,596","23,177",38
2023-03-18 18:35,"83,756","60,697","23,059",38
2023-03-18 18:40,"83,740","60,739","23,001",38
2023-03-18 18:45,"83,733","60,960","22,773",37
2023-03-18 18:50,"83,718","61,458","22,260",36
2023-03-18 18:55,"83,716","61,525","22,192",36
2023-03-18 19:00,"83,714","61,658","22,057",36
2023-03-18 19:05,"83,919","61,640","22,279",36
2023-03-18 19:10,"83,896","61,568","22,328",36
2023-03-18 19:15,"83,886","61,972","21,914",35
2023-03-18 19:20,"83,867","61,586","22,281",36
2023-03-18 19:25,"83,870","61,744","22,126",36
2023-03-18 19:30,"83,868","61,840","22,028",36
2023-03-18 19:35,"83,877","61,705","22,172",36
2023-03-18 19:40,"83,894","61,601","22,293",36
2023-03-18 19:45,"83,880","61,468","22,411",37
2023-03-18 19:50,"83,859","61,564","22,295",36
2023-03-18 19:55,"83,858","61,559","22,298",36
2023-03-18 20:00,"83,854","61,542","22,312",36
2023-03-18 20:05,"83,928","61,512","22,416",36
2023-03-18 20:10,"83,952","61,323","22,630",37
2023-03-18 20:15,"83,982","61,464","22,518",37
2023-03-18 20:20,"84,038","61,468","22,569",37
2023-03-18 20:25,"84,041","61,433","22,608",37
2023-03-18 20:30,"84,021","61,433","22,588",37
2023-03-18 20:35,"84,054","61,375","22,678",37
2023-03-18 20:40,"84,041","61,490","22,551",37
2023-03-18 20:45,"84,019","61,214","22,805",37
2023-03-18 20:50,"84,022","61,168","22,854",37
2023-03-18 20:55,"84,024","60,972","23,053",38
2023-03-18 21:00,"84,018","61,059","22,959",38
2023-03-18 21:05,"84,095","60,689","23,406",39
2023-03-18 21:10,"84,028","60,493","23,535",39
2023-03-18 21:15,"84,013","60,478","23,536",39
2023-03-18 21:20,"84,007","60,770","23,236",38
2023-03-18 21:25,"83,994","60,856","23,138",38
2023-03-18 21:30,"83,982","61,056","22,926",38
2023-03-18 21:35,"83,970","60,462","23,508",39
2023-03-18 21:40,"83,949","60,680","23,269",38
2023-03-18 21:45,"83,945","60,701","23,244",38
2023-03-18 21:50,"83,868","60,501","23,367",39
2023-03-18 21:55,"83,858","60,768","23,091",38
2023-03-18 22:00,"83,820","60,777","23,044",38
2023-03-18 22:05,"83,959","61,256","22,703",37
2023-03-18 22:10,"83,928","61,358","22,570",37
2023-03-18 22:15,"83,820","61,367","22,453",37
2023-03-18 22:20,"83,784","61,394","22,391",37
2023-03-18 22:25,"83,711","61,515","22,197",36
2023-03-18 22:30,"83,705","61,672","22,032",36
2023-03-18 22:35,"83,706","61,129","22,577",37
2023-03-18 22:40,"83,709","60,967","22,742",37
2023-03-18 22:45,"83,713","60,653","23,060",38
2023-03-18 22:50,"83,713","60,619","23,094",38
2023-03-18 22:55,"83,736","60,804","22,931",38
2023-03-18 23:00,"83,729","61,150","22,578",37
2023-03-18 23:05,"83,782","61,549","22,233",36
2023-03-18 23:10,"83,735","61,672","22,063",36
2023-03-18 23:15,"83,650","61,816","21,834",35
2023-03-18 23:20,"83,598","61,563","22,035",36
2023-03-18 23:25,"83,555","60,855","22,700",37
2023-03-18 23:30,"83,551","60,680","22,871",38
2023-03-18 23:35,"83,546","60,557","22,989",38
2023-03-18 23:40,"83,548","60,280","23,269",39
2023-03-18 23:45,"83,558","60,261","23,296",39
2023-03-18 23:50,"83,564","59,782","23,782",40
2023-03-18 23:55,"83,586","59,180","24,406",41
2023-03-19 00:00,"83,591","59,061","24,530",42
2023-03-19 00:05,"84,486","58,744","25,742",44
2023-03-19 00:10,"84,473","58,256","26,217",45
2023-03-19 00:15,"84,422","57,897","26,525",46
2023-03-19 00:20,"84,400","57,609","26,792",47
2023-03-19 00:25,"84,394","57,371","27,024",47
2023-03-19 00:30,"84,393","57,024","27,369",48
2023-03-19 00:35,"84,404","56,501","27,903",49
2023-03-19 00:40,"84,410","56,587","27,823",49
2023-03-19 00:45,"84,431","56,254","28,178",50
2023-03-19 00:50,"84,438","55,946","28,492",51
2023-03-19 00:55,"84,421","55,669","28,753",52
2023-03-19 01:00,"84,430","55,276","29,154",53
2023-03-19 01:05,"84,587","55,436","29,151",53
2023-03-19 01:10,"84,599","55,518","29,081",52
2023-03-19 01:15,"84,609","55,281","29,328",53
2023-03-19 01:20,"84,588","55,077","29,511",54
2023-03-19 01:25,"84,588","54,751","29,837",55
2023-03-19 01:30,"84,587","54,673","29,914",55
2023-03-19 01:35,"84,590","54,674","29,916",55
2023-03-19 01:40,"84,591","54,286","30,305",56
2023-03-19 01:45,"84,579","54,224","30,356",56
2023-03-19 01:50,"84,580","54,012","30,568",57
2023-03-19 01:55,"84,577","53,993","30,584",57
2023-03-19 02:00,"84,566","54,013","30,554",57
2023-03-19 02:05,"84,612","53,847","30,765",57
2023-03-19 02:10,"84,607","53,681","30,926",58
2023-03-19 02:15,"84,591","53,419","31,172",58
2023-03-19 02:20,"84,572","53,539","31,010",58
2023-03-19 02:25,"84,084","53,546","30,162",56
2023-03-19 02:30,"83,351","53,529","29,443",55
2023-03-19 02:35,"83,350","53,152","29,819",56
2023-03-19 02:40,"83,355","53,187","29,451",55
2023-03-19 02:45,"83,341","53,235","29,379",54
2023-03-19 02:50,"83,338","53,043","29,244",54
2023-03-19 02:55,"83,328","52,889","29,387",55
2023-03-19 03:00,"83,328","52,766","29,511",55
2023-03-19 03:05,"83,391","53,002","29,340",54
2023-03-19 03:10,"83,411","52,871","29,488",55
2023-03-19 03:15,"83,422","53,041","29,333",54
2023-03-19 03:20,"83,419","52,521","29,846",56
2023-03-19 03:25,"83,419","52,832","29,540",55
2023-03-19 03:30,"83,420","52,768","29,602",55
2023-03-19 03:35,"83,401","52,855","29,499",55
2023-03-19 03:40,"83,403","52,818","29,539",55
2023-03-19 03:45,"83,412","52,744","29,620",55
2023-03-19 03:50,"83,410","52,872","29,492",55
2023-03-19 03:55,"83,413","52,804","29,562",55
2023-03-19 04:00,"83,400","53,025","29,329",54
2023-03-19 04:05,"83,424","52,678","29,698",55
2023-03-19 04:10,"83,435","52,699","29,690",55
2023-03-19 04:15,"83,458","52,885","29,527",55
2023-03-19 04:20,"83,443","53,129","29,269",54
2023-03-19 04:25,"83,454","53,050","29,358",54
2023-03-19 04:30,"83,447","53,022","29,380",54
2023-03-19 04:35,"83,443","53,236","29,164",54
2023-03-19 04:40,"83,441","53,626","28,773",53
2023-03-19 04:45,"83,442","53,791","28,607",52
2023-03-19 04:50,"83,444","53,667","28,731",53
2023-03-19 04:55,"83,416","53,672","28,703",53
2023-03-19 05:00,"83,417","53,527","28,846",53
2023-03-19 05:05,"83,498","54,065","28,393",52
2023-03-19 05:10,"83,465","54,034","28,389",52
2023-03-19 05:15,"83,459","54,057","28,735",53
2023-03-19 05:20,"83,457","54,275","28,852",53
2023-03-19 05:25,"83,457","54,204","29,253",54
2023-03-19 05:30,"83,458","54,188","29,271",54
2023-03-19 05:35,"83,460","54,380","29,080",54
2023-03-19 05:40,"83,452","54,676","28,777",53
2023-03-19 05:45,"83,445","54,681","28,764",53
2023-03-19 05:50,"83,437","54,977","28,460",52
2023-03-19 05:55,"83,424","54,950","28,474",52
2023-03-19 06:00,"83,424","54,970","28,454",52
2023-03-19 06:05,"83,440","55,340","28,100",51
2023-03-19 06:10,"83,409","55,515","27,894",50
2023-03-19 06:15,"83,278","55,344","27,934",51
2023-03-19 06:20,"83,274","55,322","27,953",51
2023-03-19 06:25,"83,268","55,402","27,866",50
2023-03-19 06:30,"83,281","55,364","27,918",50
2023-03-19 06:35,"83,282","55,335","27,947",51
2023-03-19 06:40,"83,275","55,344","27,931",51
2023-03-19 06:45,"83,265","55,287","27,978",51
2023-03-19 06:50,"83,263","55,426","27,837",50
2023-03-19 06:55,"83,270","55,369","27,901",50
2023-03-19 07:00,"83,259","55,370","27,888",50
2023-03-19 07:05,"83,154","55,109","28,045",51
2023-03-19 07:10,"83,156","55,402","27,754",50
2023-03-19 07:15,"83,179","55,443","27,736",50
2023-03-19 07:20,"83,201","55,048","28,154",51
2023-03-19 07:25,"83,216","54,693","28,523",52
2023-03-19 07:30,"83,231","54,130","29,102",54
2023-03-19 07:35,"83,258","54,119","29,139",54
2023-03-19 07:40,"83,286","53,651","29,634",55
2023-03-19 07:45,"83,323","53,201","30,123",57
2023-03-19 07:50,"83,356","53,016","30,341",57
2023-03-19 07:55,"83,415","52,724","30,691",58
2023-03-19 08:00,"83,458","52,476","30,982",59
2023-03-19 08:05,"83,169","52,087","31,082",60
2023-03-19 08:10,"83,347","51,697","31,650",61
2023-03-19 08:15,"83,572","51,487","32,085",62
2023-03-19 08:20,"83,753","51,472","32,281",63
2023-03-19 08:25,"83,788","51,341","32,447",63
2023-03-19 08:30,"83,830","51,132","32,698",64
2023-03-19 08:35,"83,869","50,437","33,432",66
2023-03-19 08:40,"83,916","50,024","33,892",68
2023-03-19 08:45,"83,946","49,546","34,383",69
2023-03-19 08:50,"84,005","49,027","34,600",70
2023-03-19 08:55,"84,060","48,862","34,818",71
2023-03-19 09:00,"84,104","48,492","34,904",71
2023-03-19 09:05,"84,059","47,988","35,030",71
2023-03-19 09:10,"84,391","48,320","34,710",70
2023-03-19 09:15,"84,671","48,241","35,069",71
2023-03-19 09:20,"84,991","48,126","35,500",72
2023-03-19 09:25,"85,027","47,794","35,870",73
2023-03-19 09:30,"85,050","47,312","36,144",74
2023-03-19 09:35,"85,083","47,236","36,232",74
2023-03-19 09:40,"85,124","46,965","36,541",75
2023-03-19 09:45,"85,180","46,592","36,966",77
2023-03-19 09:50,"85,234","46,684","36,935",77
2023-03-19 09:55,"85,273","46,364","37,286",78
2023-03-19 10:00,"85,325","46,095","37,608",79
2023-03-19 10:05,"85,190","46,904","36,980",77
2023-03-19 10:10,"85,206","46,907","36,997",77
2023-03-19 10:15,"85,474","46,827","37,342",78
2023-03-19 10:20,"85,660","46,635","37,722",79
2023-03-19 10:25,"85,864","46,833","37,731",78
2023-03-19 10:30,"85,818","46,297","38,476",81
2023-03-19 10:35,"85,840","46,329","38,468",81
2023-03-19 10:40,"85,878","46,103","38,732",82
2023-03-19 10:45,"85,902","45,681","39,177",84
2023-03-19 10:50,"85,900","45,753","39,101",84
2023-03-19 10:55,"85,955","45,588","39,106",84
2023-03-19 11:00,"85,990","45,520","38,912",83
2023-03-19 11:05,"85,445","45,070","38,812",83
2023-03-19 11:10,"85,462","44,847","39,058",84
2023-03-19 11:15,"85,466","44,878","39,031",84
2023-03-19 11:20,"85,529","44,442","39,521",86
2023-03-19 11:25,"85,547","44,289","39,695",87
2023-03-19 11:30,"85,558","44,133","39,612",86
2023-03-19 11:35,"85,589","44,145","39,558",86
2023-03-19 11:40,"85,590","44,041","39,424",85
2023-03-19 11:45,"85,606","43,878","39,602",86
2023-03-19 11:50,"85,617","43,609","39,879",87
2023-03-19 11:55,"85,623","43,198","40,303",89
2023-03-19 12:00,"85,644","43,293","40,210",89
2023-03-19 12:05,"85,542","43,400","39,646",86
2023-03-19 12:10,"85,629","43,130","39,982",88
2023-03-19 12:15,"85,681","43,285","39,570",86
2023-03-19 12:20,"85,783","43,269","39,688",86
2023-03-19 12:25,"85,880","43,198","39,854",87
2023-03-19 12:30,"85,894","43,043","40,035",87
2023-03-19 12:35,"85,907","43,406","39,692",86
2023-03-19 12:40,"85,917","43,470","39,638",86
2023-03-19 12:45,"85,934","43,289","39,830",86
2023-03-19 12:50,"85,932","43,011","40,108",88
2023-03-19 12:55,"85,942","43,070","40,067",87
2023-03-19 13:00,"85,947","43,006","40,126",88
2023-03-19 13:05,"85,829","43,268","39,751",86
2023-03-19 13:10,"85,841","43,314","39,715",86
2023-03-19 13:15,"85,917","43,071","40,037",87
2023-03-19 13:20,"85,945","43,152","39,991",87
2023-03-19 13:25,"85,950","43,400","39,880",87
2023-03-19 13:30,"85,947","43,570","39,692",86
2023-03-19 13:35,"85,962","43,461","39,576",85
2023-03-19 13:40,"85,952","43,410","39,607",86
2023-03-19 13:45,"85,973","43,532","39,507",85
2023-03-19 13:50,"85,999","43,962","39,118",83
2023-03-19 13:55,"86,013","43,924","39,171",84
2023-03-19 14:00,"86,048","43,767","39,357",84
2023-03-19 14:05,"86,057","43,813","39,328",84
2023-03-19 14:10,"86,096","43,635","39,529",85
2023-03-19 14:15,"86,140","44,076","39,149",83
2023-03-19 14:20,"86,194","44,116","39,161",83
2023-03-19 14:25,"86,164","44,234","39,020",83
2023-03-19 14:30,"86,191","44,710","38,872",82
2023-03-19 14:35,"86,148","44,678","38,854",82
2023-03-19 14:40,"86,173","44,831","38,728",82
2023-03-19 14:45,"86,162","44,850","38,690",82
2023-03-19 14:50,"86,141","45,217","38,323",80
2023-03-19 14:55,"86,125","45,088","38,426",81
2023-03-19 15:00,"86,088","45,327","38,147",80
2023-03-19 15:05,"86,574","45,736","38,227",79
2023-03-19 15:10,"86,500","45,926","37,964",78
2023-03-19 15:15,"86,421","45,969","37,845",78
2023-03-19 15:20,"86,364","46,354","37,403",76
2023-03-19 15:25,"86,336","46,693","37,046",75
2023-03-19 15:30,"86,308","46,984","36,718",74
2023-03-19 15:35,"86,284","47,105","36,571",74
2023-03-19 15:40,"86,264","47,805","35,864",71
2023-03-19 15:45,"86,216","48,041","35,580",70
2023-03-19 15:50,"86,161","48,032","35,534",70
2023-03-19 15:55,"86,101","48,397","35,108",69
2023-03-19 16:00,"86,057","48,937","34,525",67
2023-03-19 16:05,"85,960","49,109","34,254",66
2023-03-19 16:10,"85,707","49,471","34,008",66
2023-03-19 16:15,"85,424","49,527","33,865",66
2023-03-19 16:20,"85,185","49,905","33,256",64
2023-03-19 16:25,"85,141","50,562","32,804",63
2023-03-19 16:30,"85,071","50,918","32,747",63
2023-03-19 16:35,"85,014","51,245","32,361",62
2023-03-19 16:40,"84,948","51,533","32,165",61
2023-03-19 16:45,"84,916","51,938","31,890",60
2023-03-19 16:50,"84,852","52,797","30,972",58
2023-03-19 16:55,"84,819","53,058","30,678",57
2023-03-19 17:00,"84,728","53,518","30,124",55
2023-03-19 17:05,"85,576","53,702","30,789",56
2023-03-19 17:10,"85,249","53,907","30,260",55
2023-03-19 17:15,"84,996","54,061","29,849",54
2023-03-19 17:20,"84,704","54,140","29,478",53
2023-03-19 17:25,"84,712","54,952","28,982",52
2023-03-19 17:30,"84,674","55,171","28,724",51
2023-03-19 17:35,"84,649","55,685","28,183",50
2023-03-19 17:40,"84,618","56,186","27,908",49
2023-03-19 17:45,"84,582","56,482","27,576",48
2023-03-19 17:50,"84,548","56,937","27,286",48
2023-03-19 17:55,"84,505","57,262","26,916",47
2023-03-19 18:00,"84,483","57,543","26,612",46
2023-03-19 18:05,"85,267","57,810","27,130",47
2023-03-19 18:10,"85,179","58,149","26,703",46
2023-03-19 18:15,"85,060","58,517","26,543",45
2023-03-19 18:20,"84,857","58,656","26,201",45
2023-03-19 18:25,"84,385","58,689","25,696",44
2023-03-19 18:30,"84,347","58,781","25,566",44
2023-03-19 18:35,"84,340","59,087","25,253",43
2023-03-19 18:40,"84,317","59,357","24,960",42
2023-03-19 18:45,"84,300","59,968","24,332",41
2023-03-19 18:50,"84,306","60,157","24,149",40
2023-03-19 18:55,"84,307","60,471","23,836",39
2023-03-19 19:00,"84,308","60,558","23,751",39
2023-03-19 19:05,"84,491","60,438","24,052",40
2023-03-19 19:10,"84,338","60,606","23,732",39
2023-03-19 19:15,"84,316","60,683","23,632",39
2023-03-19 19:20,"84,304","60,738","23,566",39
2023-03-19 19:25,"84,302","60,654","23,648",39
2023-03-19 19:30,"84,305","60,800","23,506",39
2023-03-19 19:35,"84,306","60,869","23,438",39
2023-03-19 19:40,"84,306","60,785","23,520",39
2023-03-19 19:45,"84,306","60,721","23,586",39
2023-03-19 19:50,"84,390","60,412","23,978",40
2023-03-19 19:55,"84,403","60,660","23,743",39
2023-03-19 20:00,"84,410","60,703","23,706",39
2023-03-19 20:05,"85,000","60,756","24,244",40
2023-03-19 20:10,"85,013","60,753","24,260",40
2023-03-19 20:15,"85,068","60,612","24,456",40
2023-03-19 20:20,"85,090","60,444","24,646",41
2023-03-19 20:25,"85,060","60,733","24,327",40
2023-03-19 20:30,"85,064","60,545","24,519",41
2023-03-19 20:35,"85,062","60,498","24,564",41
2023-03-19 20:40,"85,066","60,276","24,790",41
2023-03-19 20:45,"85,060","60,310","24,750",41
2023-03-19 20:50,"84,797","60,245","24,552",41
2023-03-19 20:55,"84,776","60,138","24,638",41
2023-03-19 21:00,"84,763","60,076","24,687",41
2023-03-19 21:05,"84,829","60,012","24,817",41
2023-03-19 21:10,"84,796","60,007","24,789",41
2023-03-19 21:15,"84,746","59,923","24,823",41
2023-03-19 21:20,"84,756","59,737","25,019",42
2023-03-19 21:25,"84,754","59,953","24,800",41
2023-03-19 21:30,"84,742","60,158","24,584",41
2023-03-19 21:35,"84,734","60,197","24,537",41
2023-03-19 21:40,"84,733","60,159","24,574",41
2023-03-19 21:45,"84,675","59,830","24,845",42
2023-03-19 21:50,"84,650","59,897","24,753",41
2023-03-19 21:55,"84,638","59,861","24,777",41
2023-03-19 22:00,"84,578","59,886","24,692",41
2023-03-19 22:05,"84,608","60,242","24,366",40
2023-03-19 22:10,"84,534","60,212","24,322",40
2023-03-19 22:15,"84,534","59,777","24,758",41
2023-03-19 22:20,"84,002","59,998","24,004",40
2023-03-19 22:25,"83,930","59,393","24,537",41
2023-03-19 22:30,"83,930","59,268","24,661",42
2023-03-19 22:35,"83,930","59,233","24,697",42
2023-03-19 22:40,"83,931","59,152","24,779",42
2023-03-19 22:45,"83,939","59,046","24,893",42
2023-03-19 22:50,"83,940","59,098","24,842",42
2023-03-19 22:55,"83,945","59,048","24,897",42
2023-03-19 23:00,"83,932","59,116","24,816",42
2023-03-19 23:05,"83,846","60,001","23,846",40
2023-03-19 23:10,"83,790","59,896","23,894",40
2023-03-19 23:15,"83,764","59,372","24,392",41
2023-03-19 23:20,"83,766","59,386","24,379",41
2023-03-19 23:25,"83,728","59,420","24,309",41
2023-03-19 23:30,"83,626","58,950","24,676",42
2023-03-19 23:35,"83,628","58,627","25,000",43
2023-03-19 23:40,"83,622","57,941","25,681",44
2023-03-19 23:45,"83,619","57,726","25,893",45
2023-03-19 23:50,"83,630","57,755","25,875",45
2023-03-19 23:55,"83,629","57,324","26,305",46
