,일시,일출,일몰
0,2020-01-01,07:47,17:24
1,2020-01-02,07:47,17:25
2,2020-01-03,07:47,17:25
3,2020-01-04,07:47,17:26
4,2020-01-05,07:47,17:27
5,2020-01-06,07:47,17:28
6,2020-01-07,07:47,17:29
7,2020-01-08,07:47,17:30
8,2020-01-09,07:47,17:31
9,2020-01-10,07:47,17:32
10,2020-01-11,07:47,17:33
11,2020-01-12,07:47,17:34
12,2020-01-13,07:47,17:35
13,2020-01-14,07:46,17:36
14,2020-01-15,07:46,17:37
15,2020-01-16,07:46,17:38
16,2020-01-17,07:45,17:39
17,2020-01-18,07:45,17:40
18,2020-01-19,07:45,17:41
19,2020-01-20,07:44,17:42
20,2020-01-21,07:44,17:43
21,2020-01-22,07:43,17:44
22,2020-01-23,07:43,17:45
23,2020-01-24,07:42,17:46
24,2020-01-25,07:42,17:47
25,2020-01-26,07:41,17:48
26,2020-01-27,07:40,17:49
27,2020-01-28,07:40,17:51
28,2020-01-29,07:39,17:52
29,2020-01-30,07:38,17:53
30,2020-01-31,07:37,17:54
31,2020-02-01,07:37,17:55
32,2020-02-02,07:36,17:56
33,2020-02-03,07:35,17:57
34,2020-02-04,07:34,17:58
35,2020-02-05,07:33,17:59
36,2020-02-06,07:32,18:01
37,2020-02-07,07:31,18:02
38,2020-02-08,07:30,18:03
39,2020-02-09,07:29,18:04
40,2020-02-10,07:28,18:05
41,2020-02-11,07:27,18:06
42,2020-02-12,07:26,18:07
43,2020-02-13,07:25,18:08
44,2020-02-14,07:24,18:09
45,2020-02-15,07:23,18:10
46,2020-02-16,07:21,18:11
47,2020-02-17,07:20,18:12
48,2020-02-18,07:19,18:14
49,2020-02-19,07:18,18:15
50,2020-02-20,07:17,18:16
51,2020-02-21,07:15,18:17
52,2020-02-22,07:14,18:18
53,2020-02-23,07:13,18:19
54,2020-02-24,07:12,18:20
55,2020-02-25,07:10,18:21
56,2020-02-26,07:09,18:22
57,2020-02-27,07:08,18:23
58,2020-02-28,07:06,18:24
59,2020-02-29,07:05,18:25
60,2020-03-01,07:03,18:26
61,2020-03-02,07:02,18:27
62,2020-03-03,07:01,18:28
63,2020-03-04,06:59,18:29
64,2020-03-05,06:58,18:30
65,2020-03-06,06:56,18:31
66,2020-03-07,06:55,18:32
67,2020-03-08,06:54,18:33
68,2020-03-09,06:52,18:34
69,2020-03-10,06:51,18:35
70,2020-03-11,06:49,18:36
71,2020-03-12,06:48,18:36
72,2020-03-13,06:46,18:37
73,2020-03-14,06:45,18:38
74,2020-03-15,06:43,18:39
75,2020-03-16,06:42,18:40
76,2020-03-17,06:40,18:41
77,2020-03-18,06:39,18:42
78,2020-03-19,06:37,18:43
79,2020-03-20,06:36,18:44
80,2020-03-21,06:34,18:45
81,2020-03-22,06:33,18:46
82,2020-03-23,06:31,18:47
83,2020-03-24,06:30,18:48
84,2020-03-25,06:28,18:49
85,2020-03-26,06:27,18:49
86,2020-03-27,06:25,18:50
87,2020-03-28,06:24,18:51
88,2020-03-29,06:22,18:52
89,2020-03-30,06:21,18:53
90,2020-03-31,06:19,18:54
91,2020-04-01,06:18,18:55
92,2020-04-02,06:16,18:56
93,2020-04-03,06:15,18:57
94,2020-04-04,06:13,18:58
95,2020-04-05,06:12,18:58
96,2020-04-06,06:10,18:59
97,2020-04-07,06:09,19:00
98,2020-04-08,06:07,19:01
99,2020-04-09,06:06,19:02
100,2020-04-10,06:04,19:03
101,2020-04-11,06:03,19:04
102,2020-04-12,06:01,19:05
103,2020-04-13,06:00,19:06
104,2020-04-14,05:59,19:07
105,2020-04-15,05:57,19:08
106,2020-04-16,05:56,19:08
107,2020-04-17,05:55,19:09
108,2020-04-18,05:53,19:10
109,2020-04-19,05:52,19:11
110,2020-04-20,05:50,19:12
111,2020-04-21,05:49,19:13
112,2020-04-22,05:48,19:14
113,2020-04-23,05:47,19:15
114,2020-04-24,05:45,19:16
115,2020-04-25,05:44,19:17
116,2020-04-26,05:43,19:18
117,2020-04-27,05:42,19:18
118,2020-04-28,05:40,19:19
119,2020-04-29,05:39,19:20
120,2020-04-30,05:38,19:21
121,2020-05-01,05:37,19:22
122,2020-05-02,05:36,19:23
123,2020-05-03,05:35,19:24
124,2020-05-04,05:33,19:25
125,2020-05-05,05:32,19:26
126,2020-05-06,05:31,19:27
127,2020-05-07,05:30,19:28
128,2020-05-08,05:29,19:28
129,2020-05-09,05:28,19:29
130,2020-05-10,05:27,19:30
131,2020-05-11,05:26,19:31
132,2020-05-12,05:25,19:32
133,2020-05-13,05:24,19:33
134,2020-05-14,05:24,19:34
135,2020-05-15,05:23,19:35
136,2020-05-16,05:22,19:35
137,2020-05-17,05:21,19:36
138,2020-05-18,05:20,19:37
139,2020-05-19,05:20,19:38
140,2020-05-20,05:19,19:39
141,2020-05-21,05:18,19:40
142,2020-05-22,05:18,19:40
143,2020-05-23,05:17,19:41
144,2020-05-24,05:16,19:42
145,2020-05-25,05:16,19:43
146,2020-05-26,05:15,19:44
147,2020-05-27,05:15,19:44
148,2020-05-28,05:14,19:45
149,2020-05-29,05:14,19:46
150,2020-05-30,05:13,19:46
151,2020-05-31,05:13,19:47
152,2020-06-01,05:12,19:48
153,2020-06-02,05:12,19:48
154,2020-06-03,05:12,19:49
155,2020-06-04,05:11,19:50
156,2020-06-05,05:11,19:50
157,2020-06-06,05:11,19:51
158,2020-06-07,05:11,19:51
159,2020-06-08,05:11,19:52
160,2020-06-09,05:10,19:52
161,2020-06-10,05:10,19:53
162,2020-06-11,05:10,19:53
163,2020-06-12,05:10,19:54
164,2020-06-13,05:10,19:54
165,2020-06-14,05:10,19:55
166,2020-06-15,05:10,19:55
167,2020-06-16,05:10,19:55
168,2020-06-17,05:10,19:56
169,2020-06-18,05:11,19:56
170,2020-06-19,05:11,19:56
171,2020-06-20,05:11,19:57
172,2020-06-21,05:11,19:57
173,2020-06-22,05:11,19:57
174,2020-06-23,05:12,19:57
175,2020-06-24,05:12,19:57
176,2020-06-25,05:12,19:57
177,2020-06-26,05:12,19:57
178,2020-06-27,05:13,19:57
179,2020-06-28,05:13,19:57
180,2020-06-29,05:14,19:57
181,2020-06-30,05:14,19:57
182,2020-07-01,05:14,19:57
183,2020-07-02,05:15,19:57
184,2020-07-03,05:15,19:57
185,2020-07-04,05:16,19:57
186,2020-07-05,05:16,19:57
187,2020-07-06,05:17,19:56
188,2020-07-07,05:18,19:56
189,2020-07-08,05:18,19:56
190,2020-07-09,05:19,19:56
191,2020-07-10,05:19,19:55
192,2020-07-11,05:20,19:55
193,2020-07-12,05:21,19:54
194,2020-07-13,05:21,19:54
195,2020-07-14,05:22,19:54
196,2020-07-15,05:23,19:53
197,2020-07-16,05:23,19:53
198,2020-07-17,05:24,19:52
199,2020-07-18,05:25,19:51
200,2020-07-19,05:26,19:51
201,2020-07-20,05:26,19:50
202,2020-07-21,05:27,19:49
203,2020-07-22,05:28,19:49
204,2020-07-23,05:29,19:48
205,2020-07-24,05:29,19:47
206,2020-07-25,05:30,19:46
207,2020-07-26,05:31,19:46
208,2020-07-27,05:32,19:45
209,2020-07-28,05:33,19:44
210,2020-07-29,05:34,19:43
211,2020-07-30,05:34,19:42
212,2020-07-31,05:35,19:41
213,2020-08-01,05:36,19:40
214,2020-08-02,05:37,19:39
215,2020-08-03,05:38,19:38
216,2020-08-04,05:39,19:37
217,2020-08-05,05:39,19:36
218,2020-08-06,05:40,19:35
219,2020-08-07,05:41,19:34
220,2020-08-08,05:42,19:33
221,2020-08-09,05:43,19:32
222,2020-08-10,05:44,19:31
223,2020-08-11,05:44,19:29
224,2020-08-12,05:45,19:28
225,2020-08-13,05:46,19:27
226,2020-08-14,05:47,19:26
227,2020-08-15,05:48,19:25
228,2020-08-16,05:49,19:23
229,2020-08-17,05:50,19:22
230,2020-08-18,05:50,19:21
231,2020-08-19,05:51,19:19
232,2020-08-20,05:52,19:18
233,2020-08-21,05:53,19:17
234,2020-08-22,05:54,19:15
235,2020-08-23,05:55,19:14
236,2020-08-24,05:56,19:13
237,2020-08-25,05:56,19:11
238,2020-08-26,05:57,19:10
239,2020-08-27,05:58,19:08
240,2020-08-28,05:59,19:07
241,2020-08-29,06:00,19:06
242,2020-08-30,06:01,19:04
243,2020-08-31,06:01,19:03
244,2020-09-01,06:02,19:01
245,2020-09-02,06:03,19:00
246,2020-09-03,06:04,18:58
247,2020-09-04,06:05,18:57
248,2020-09-05,06:06,18:55
249,2020-09-06,06:06,18:54
250,2020-09-07,06:07,18:52
251,2020-09-08,06:08,18:51
252,2020-09-09,06:09,18:49
253,2020-09-10,06:10,18:48
254,2020-09-11,06:11,18:46
255,2020-09-12,06:11,18:45
256,2020-09-13,06:12,18:43
257,2020-09-14,06:13,18:41
258,2020-09-15,06:14,18:40
259,2020-09-16,06:15,18:38
260,2020-09-17,06:16,18:37
261,2020-09-18,06:16,18:35
262,2020-09-19,06:17,18:34
263,2020-09-20,06:18,18:32
264,2020-09-21,06:19,18:31
265,2020-09-22,06:20,18:29
266,2020-09-23,06:21,18:28
267,2020-09-24,06:22,18:26
268,2020-09-25,06:22,18:24
269,2020-09-26,06:23,18:23
270,2020-09-27,06:24,18:21
271,2020-09-28,06:25,18:20
272,2020-09-29,06:26,18:18
273,2020-09-30,06:27,18:17
274,2020-10-01,06:28,18:15
275,2020-10-02,06:28,18:14
276,2020-10-03,06:29,18:12
277,2020-10-04,06:30,18:11
278,2020-10-05,06:31,18:09
279,2020-10-06,06:32,18:08
280,2020-10-07,06:33,18:06
281,2020-10-08,06:34,18:05
282,2020-10-09,06:35,18:03
283,2020-10-10,06:36,18:02
284,2020-10-11,06:36,18:00
285,2020-10-12,06:37,17:59
286,2020-10-13,06:38,17:58
287,2020-10-14,06:39,17:56
288,2020-10-15,06:40,17:55
289,2020-10-16,06:41,17:54
290,2020-10-17,06:42,17:52
291,2020-10-18,06:43,17:51
292,2020-10-19,06:44,17:49
293,2020-10-20,06:45,17:48
294,2020-10-21,06:46,17:47
295,2020-10-22,06:47,17:46
296,2020-10-23,06:48,17:44
297,2020-10-24,06:49,17:43
298,2020-10-25,06:50,17:42
299,2020-10-26,06:51,17:41
300,2020-10-27,06:52,17:39
301,2020-10-28,06:53,17:38
302,2020-10-29,06:54,17:37
303,2020-10-30,06:55,17:36
304,2020-10-31,06:56,17:35
305,2020-11-01,06:57,17:34
306,2020-11-02,06:58,17:33
307,2020-11-03,06:59,17:32
308,2020-11-04,07:00,17:31
309,2020-11-05,07:01,17:30
310,2020-11-06,07:02,17:29
311,2020-11-07,07:03,17:28
312,2020-11-08,07:04,17:27
313,2020-11-09,07:05,17:26
314,2020-11-10,07:06,17:25
315,2020-11-11,07:08,17:24
316,2020-11-12,07:09,17:23
317,2020-11-13,07:10,17:23
318,2020-11-14,07:11,17:22
319,2020-11-15,07:12,17:21
320,2020-11-16,07:13,17:20
321,2020-11-17,07:14,17:20
322,2020-11-18,07:15,17:19
323,2020-11-19,07:16,17:19
324,2020-11-20,07:17,17:18
325,2020-11-21,07:18,17:17
326,2020-11-22,07:19,17:17
327,2020-11-23,07:20,17:17
328,2020-11-24,07:21,17:16
329,2020-11-25,07:22,17:16
330,2020-11-26,07:23,17:15
331,2020-11-27,07:24,17:15
332,2020-11-28,07:25,17:15
333,2020-11-29,07:26,17:14
334,2020-11-30,07:27,17:14
335,2020-12-01,07:37,17:14
336,2020-12-02,07:38,17:14
337,2020-12-03,07:39,17:15
338,2020-12-04,07:40,17:15
339,2020-12-05,07:40,17:15
340,2020-12-06,07:41,17:15
341,2020-12-07,07:41,17:16
342,2020-12-08,07:42,17:16
343,2020-12-09,07:43,17:17
344,2020-12-10,07:43,17:17
345,2020-12-11,07:44,17:18
346,2020-12-12,07:44,17:18
347,2020-12-13,07:45,17:19
348,2020-12-14,07:45,17:19
349,2020-12-15,07:45,17:20
350,2020-12-16,07:46,17:21
351,2020-12-17,07:46,17:21
352,2020-12-18,07:46,17:22
353,2020-12-19,07:47,17:23
354,2020-12-20,07:47,17:24
355,2020-12-21,07:28,17:14
356,2020-12-22,07:29,17:14
357,2020-12-23,07:30,17:14
358,2020-12-24,07:31,17:14
359,2020-12-25,07:32,17:13
360,2020-12-26,07:33,17:13
361,2020-12-27,07:33,17:13
362,2020-12-28,07:34,17:14
363,2020-12-29,07:35,17:14
364,2020-12-30,07:36,17:14
365,2020-12-31,07:37,17:14
366,2021-01-01,07:47,17:24
367,2021-01-02,07:47,17:25
368,2021-01-03,07:47,17:26
369,2021-01-04,07:47,17:27
370,2021-01-05,07:47,17:28
371,2021-01-06,07:47,17:29
372,2021-01-07,07:47,17:30
373,2021-01-08,07:47,17:30
374,2021-01-09,07:47,17:31
375,2021-01-10,07:47,17:32
376,2021-01-11,07:47,17:33
377,2021-01-12,07:47,17:34
378,2021-01-13,07:46,17:35
379,2021-01-14,07:46,17:36
380,2021-01-15,07:46,17:37
381,2021-01-16,07:46,17:38
382,2021-01-17,07:45,17:39
383,2021-01-18,07:45,17:40
384,2021-01-19,07:44,17:42
385,2021-01-20,07:44,17:43
386,2021-01-21,07:43,17:44
387,2021-01-22,07:43,17:45
388,2021-01-23,07:42,17:46
389,2021-01-24,07:42,17:47
390,2021-01-25,07:41,17:48
391,2021-01-26,07:40,17:49
392,2021-01-27,07:40,17:50
393,2021-01-28,07:39,17:51
394,2021-01-29,07:38,17:52
395,2021-01-30,07:37,17:54
396,2021-01-31,07:37,17:55
397,2021-02-01,07:21,18:12
398,2021-02-02,07:19,18:13
399,2021-02-03,07:18,18:14
400,2021-02-04,07:17,18:15
401,2021-02-05,07:16,18:16
402,2021-02-06,07:14,18:17
403,2021-02-07,07:13,18:18
404,2021-02-08,07:12,18:20
405,2021-02-09,07:11,18:21
406,2021-02-10,07:09,18:22
407,2021-02-11,07:08,18:23
408,2021-02-12,07:07,18:24
409,2021-02-13,07:05,18:25
410,2021-02-14,07:36,17:56
411,2021-02-15,07:35,17:57
412,2021-02-16,07:34,17:58
413,2021-02-17,07:33,17:59
414,2021-02-18,07:32,18:00
415,2021-02-19,07:31,18:01
416,2021-02-20,07:30,18:02
417,2021-02-21,07:29,18:04
418,2021-02-22,07:28,18:05
419,2021-02-23,07:27,18:06
420,2021-02-24,07:26,18:07
421,2021-02-25,07:25,18:08
422,2021-02-26,07:24,18:09
423,2021-02-27,07:23,18:10
424,2021-02-28,07:22,18:11
425,2021-03-01,07:04,18:26
426,2021-03-02,07:02,18:27
427,2021-03-03,07:01,18:28
428,2021-03-04,07:00,18:29
429,2021-03-05,06:58,18:30
430,2021-03-06,06:57,18:30
431,2021-03-07,06:55,18:31
432,2021-03-08,06:54,18:32
433,2021-03-09,06:52,18:33
434,2021-03-10,06:51,18:34
435,2021-03-11,06:50,18:35
436,2021-03-12,06:48,18:36
437,2021-03-13,06:47,18:37
438,2021-03-14,06:45,18:38
439,2021-03-15,06:44,18:39
440,2021-03-16,06:42,18:40
441,2021-03-17,06:41,18:41
442,2021-03-18,06:39,18:42
443,2021-03-19,06:38,18:43
444,2021-03-20,06:36,18:44
445,2021-03-21,06:35,18:45
446,2021-03-22,06:33,18:46
447,2021-03-23,06:32,18:46
448,2021-03-24,06:30,18:47
449,2021-03-25,06:28,18:48
450,2021-03-26,06:27,18:49
451,2021-03-27,06:25,18:50
452,2021-03-28,06:24,18:51
453,2021-03-29,06:22,18:52
454,2021-03-30,06:21,18:53
455,2021-03-31,06:19,18:54
456,2021-04-01,06:18,18:55
457,2021-04-02,06:16,18:56
458,2021-04-03,06:15,18:56
459,2021-04-04,06:13,18:57
460,2021-04-05,06:12,18:58
461,2021-04-06,06:11,18:59
462,2021-04-07,06:09,19:00
463,2021-04-08,06:08,19:01
464,2021-04-09,06:06,19:02
465,2021-04-10,06:05,19:03
466,2021-04-11,06:03,19:04
467,2021-04-12,06:02,19:05
468,2021-04-13,06:00,19:05
469,2021-04-14,05:59,19:06
470,2021-04-15,05:58,19:07
471,2021-04-16,05:56,19:08
472,2021-04-17,05:55,19:09
473,2021-04-18,05:53,19:10
474,2021-04-19,05:52,19:11
475,2021-04-20,05:51,19:12
476,2021-04-21,05:49,19:13
477,2021-04-22,05:48,19:14
478,2021-04-23,05:47,19:15
479,2021-04-24,05:46,19:16
480,2021-04-25,05:44,19:16
481,2021-04-26,05:43,19:17
482,2021-04-27,05:42,19:18
483,2021-04-28,05:41,19:19
484,2021-04-29,05:39,19:20
485,2021-04-30,05:38,19:21
486,2021-05-01,05:37,19:22
487,2021-05-02,05:36,19:23
488,2021-05-03,05:35,19:24
489,2021-05-04,05:34,19:25
490,2021-05-05,05:33,19:26
491,2021-05-06,05:32,19:26
492,2021-05-07,05:30,19:27
493,2021-05-08,05:29,19:28
494,2021-05-09,05:28,19:29
495,2021-05-10,05:27,19:30
496,2021-05-11,05:27,19:31
497,2021-05-12,05:26,19:32
498,2021-05-13,05:25,19:33
499,2021-05-14,05:24,19:34
500,2021-05-15,05:23,19:34
501,2021-05-16,05:22,19:35
502,2021-05-17,05:21,19:36
503,2021-05-18,05:21,19:37
504,2021-05-19,05:20,19:38
505,2021-05-20,05:19,19:39
506,2021-05-21,05:18,19:39
507,2021-05-22,05:18,19:40
508,2021-05-23,05:17,19:41
509,2021-05-24,05:16,19:42
510,2021-05-25,05:16,19:43
511,2021-05-26,05:15,19:43
512,2021-05-27,05:15,19:44
513,2021-05-28,05:14,19:45
514,2021-05-29,05:14,19:46
515,2021-05-30,05:13,19:46
516,2021-05-31,05:13,19:47
517,2021-06-01,05:13,19:48
518,2021-06-02,05:12,19:48
519,2021-06-03,05:12,19:49
520,2021-06-04,05:12,19:49
521,2021-06-05,05:11,19:50
522,2021-06-06,05:11,19:51
523,2021-06-07,05:11,19:51
524,2021-06-08,05:11,19:52
525,2021-06-09,05:10,19:52
526,2021-06-10,05:10,19:53
527,2021-06-11,05:10,19:53
528,2021-06-12,05:10,19:54
529,2021-06-13,05:10,19:54
530,2021-06-14,05:10,19:55
531,2021-06-15,05:10,19:55
532,2021-06-16,05:10,19:55
533,2021-06-17,05:10,19:56
534,2021-06-18,05:10,19:56
535,2021-06-19,05:11,19:56
536,2021-06-20,05:11,19:56
537,2021-06-21,05:11,19:57
538,2021-06-22,05:11,19:57
539,2021-06-23,05:11,19:57
540,2021-06-24,05:12,19:57
541,2021-06-25,05:12,19:57
542,2021-06-26,05:12,19:57
543,2021-06-27,05:13,19:57
544,2021-06-28,05:13,19:57
545,2021-06-29,05:13,19:57
546,2021-06-30,05:14,19:57
547,2021-07-01,05:14,19:57
548,2021-07-02,05:15,19:57
549,2021-07-03,05:15,19:57
550,2021-07-04,05:16,19:57
551,2021-07-05,05:16,19:57
552,2021-07-06,05:17,19:57
553,2021-07-07,05:17,19:56
554,2021-07-08,05:18,19:56
555,2021-07-09,05:19,19:56
556,2021-07-10,05:19,19:55
557,2021-07-11,05:20,19:55
558,2021-07-12,05:21,19:55
559,2021-07-13,05:21,19:54
560,2021-07-14,05:22,19:54
561,2021-07-15,05:23,19:53
562,2021-07-16,05:23,19:53
563,2021-07-17,05:24,19:52
564,2021-07-18,05:25,19:52
565,2021-07-19,05:25,19:51
566,2021-07-20,05:26,19:50
567,2021-07-21,05:27,19:50
568,2021-07-22,05:28,19:49
569,2021-07-23,05:28,19:48
570,2021-07-24,05:29,19:47
571,2021-07-25,05:30,19:47
572,2021-07-26,05:31,19:46
573,2021-07-27,05:32,19:45
574,2021-07-28,05:32,19:44
575,2021-07-29,05:33,19:43
576,2021-07-30,05:34,19:42
577,2021-07-31,05:35,19:41
578,2021-08-01,05:36,19:41
579,2021-08-02,05:37,19:40
580,2021-08-03,05:37,19:39
581,2021-08-04,05:38,19:38
582,2021-08-05,05:39,19:36
583,2021-08-06,05:40,19:35
584,2021-08-07,05:41,19:34
585,2021-08-08,05:42,19:33
586,2021-08-09,05:43,19:32
587,2021-08-10,05:43,19:31
588,2021-08-11,05:44,19:30
589,2021-08-12,05:45,19:29
590,2021-08-13,05:46,19:27
591,2021-08-14,05:47,19:26
592,2021-08-15,05:48,19:25
593,2021-08-16,05:49,19:24
594,2021-08-17,05:49,19:22
595,2021-08-18,05:50,19:21
596,2021-08-19,05:51,19:20
597,2021-08-20,05:52,19:18
598,2021-08-21,05:53,19:17
599,2021-08-22,05:54,19:16
600,2021-08-23,05:55,19:14
601,2021-08-24,05:55,19:13
602,2021-08-25,05:56,19:12
603,2021-08-26,05:57,19:10
604,2021-08-27,05:58,19:09
605,2021-08-28,05:59,19:07
606,2021-08-29,06:00,19:06
607,2021-08-30,06:00,19:04
608,2021-08-31,06:01,19:03
609,2021-09-01,06:02,19:02
610,2021-09-02,06:03,19:00
611,2021-09-03,06:04,18:59
612,2021-09-04,06:05,18:57
613,2021-09-05,06:05,18:56
614,2021-09-06,06:06,18:54
615,2021-09-07,06:07,18:53
616,2021-09-08,06:08,18:51
617,2021-09-09,06:09,18:50
618,2021-09-10,06:10,18:48
619,2021-09-11,06:10,18:46
620,2021-09-12,06:11,18:45
621,2021-09-13,06:12,18:43
622,2021-09-14,06:13,18:42
623,2021-09-15,06:14,18:40
624,2021-09-16,06:15,18:39
625,2021-09-17,06:15,18:37
626,2021-09-18,06:16,18:36
627,2021-09-19,06:17,18:34
628,2021-09-20,06:18,18:33
629,2021-09-21,06:19,18:31
630,2021-09-22,06:20,18:29
631,2021-09-23,06:20,18:28
632,2021-09-24,06:21,18:26
633,2021-09-25,06:22,18:25
634,2021-09-26,06:23,18:23
635,2021-09-27,06:24,18:22
636,2021-09-28,06:25,18:20
637,2021-09-29,06:26,18:19
638,2021-09-30,06:26,18:17
639,2021-10-01,06:27,18:16
640,2021-10-02,06:28,18:14
641,2021-10-03,06:29,18:13
642,2021-10-04,06:30,18:11
643,2021-10-05,06:31,18:10
644,2021-10-06,06:32,18:08
645,2021-10-07,06:33,18:07
646,2021-10-08,06:34,18:05
647,2021-10-09,06:34,18:04
648,2021-10-10,06:35,18:02
649,2021-10-11,06:36,18:01
650,2021-10-12,06:37,17:59
651,2021-10-13,06:38,17:58
652,2021-10-14,06:39,17:57
653,2021-10-15,06:40,17:55
654,2021-10-16,06:41,17:54
655,2021-10-17,06:42,17:52
656,2021-10-18,06:43,17:51
657,2021-10-19,06:44,17:50
658,2021-10-20,06:45,17:48
659,2021-10-21,06:46,17:47
660,2021-10-22,06:47,17:46
661,2021-10-23,06:48,17:45
662,2021-10-24,06:49,17:43
663,2021-10-25,06:50,17:42
664,2021-10-26,06:51,17:41
665,2021-10-27,06:52,17:40
666,2021-10-28,06:53,17:39
667,2021-10-29,06:54,17:37
668,2021-10-30,06:55,17:36
669,2021-10-31,06:56,17:35
670,2021-11-01,06:57,17:34
671,2021-11-02,06:58,17:33
672,2021-11-03,06:59,17:32
673,2021-11-04,07:00,17:31
674,2021-11-05,07:01,17:30
675,2021-11-06,07:02,17:29
676,2021-11-07,07:03,17:28
677,2021-11-08,07:04,17:27
678,2021-11-09,07:05,17:26
679,2021-11-10,07:06,17:25
680,2021-11-11,07:07,17:24
681,2021-11-12,07:08,17:24
682,2021-11-13,07:09,17:23
683,2021-11-14,07:10,17:22
684,2021-11-15,07:12,17:21
685,2021-11-16,07:13,17:21
686,2021-11-17,07:14,17:20
687,2021-11-18,07:15,17:19
688,2021-11-19,07:16,17:19
689,2021-11-20,07:17,17:18
690,2021-11-21,07:18,17:18
691,2021-11-22,07:19,17:17
692,2021-11-23,07:20,17:17
693,2021-11-24,07:21,17:16
694,2021-11-25,07:22,17:16
695,2021-11-26,07:23,17:15
696,2021-11-27,07:24,17:15
697,2021-11-28,07:25,17:15
698,2021-11-29,07:26,17:14
699,2021-11-30,07:27,17:14
700,2021-12-01,07:28,17:14
701,2021-12-02,07:29,17:14
702,2021-12-03,07:30,17:14
703,2021-12-04,07:31,17:14
704,2021-12-05,07:32,17:13
705,2021-12-06,07:32,17:13
706,2021-12-07,07:33,17:13
707,2021-12-08,07:34,17:14
708,2021-12-09,07:35,17:14
709,2021-12-10,07:36,17:14
710,2021-12-11,07:37,17:14
711,2021-12-12,07:37,17:14
712,2021-12-13,07:38,17:14
713,2021-12-14,07:39,17:14
714,2021-12-15,07:39,17:15
715,2021-12-16,07:40,17:15
716,2021-12-17,07:41,17:15
717,2021-12-18,07:41,17:16
718,2021-12-19,07:42,17:16
719,2021-12-20,07:42,17:17
720,2021-12-21,07:43,17:17
721,2021-12-22,07:44,17:18
722,2021-12-23,07:44,17:18
723,2021-12-24,07:44,17:19
724,2021-12-25,07:45,17:19
725,2021-12-26,07:45,17:20
726,2021-12-27,07:46,17:21
727,2021-12-28,07:46,17:21
728,2021-12-29,07:46,17:22
729,2021-12-30,07:46,17:23
730,2021-12-31,07:47,17:23
731,2022-01-01,07:47,17:24
732,2022-01-02,07:47,17:25
733,2022-01-03,07:47,17:26
734,2022-01-04,07:47,17:27
735,2022-01-05,07:47,17:27
736,2022-01-06,07:47,17:28
737,2022-01-07,07:47,17:29
738,2022-01-08,07:47,17:30
739,2022-01-09,07:47,17:31
740,2022-01-10,07:47,17:32
741,2022-01-11,07:47,17:33
742,2022-01-12,07:47,17:34
743,2022-01-13,07:46,17:35
744,2022-01-14,07:46,17:36
745,2022-01-15,07:46,17:37
746,2022-01-16,07:46,17:38
747,2022-01-17,07:45,17:39
748,2022-01-18,07:45,17:40
749,2022-01-19,07:44,17:41
750,2022-01-20,07:44,17:42
751,2022-01-21,07:43,17:43
752,2022-01-22,07:43,17:44
753,2022-01-23,07:42,17:46
754,2022-01-24,07:42,17:47
755,2022-01-25,07:41,17:48
756,2022-01-26,07:41,17:49
757,2022-01-27,07:40,17:50
758,2022-01-28,07:39,17:51
759,2022-01-29,07:38,17:52
760,2022-01-30,07:38,17:53
761,2022-01-31,07:37,17:54
762,2022-02-01,07:36,17:55
763,2022-02-02,07:35,17:57
764,2022-02-03,07:34,17:58
765,2022-02-04,07:33,17:59
766,2022-02-05,07:33,18:00
767,2022-02-06,07:32,18:01
768,2022-02-07,07:31,18:02
769,2022-02-08,07:30,18:03
770,2022-02-09,07:29,18:04
771,2022-02-10,07:28,18:05
772,2022-02-11,07:26,18:07
773,2022-02-12,07:25,18:08
774,2022-02-13,07:24,18:09
775,2022-02-14,07:23,18:10
776,2022-02-15,07:22,18:11
777,2022-02-16,07:21,18:12
778,2022-02-17,07:20,18:13
779,2022-02-18,07:18,18:14
780,2022-02-19,07:17,18:15
781,2022-02-20,07:16,18:16
782,2022-02-21,07:15,18:17
783,2022-02-22,07:13,18:18
784,2022-02-23,07:12,18:19
785,2022-02-24,07:11,18:20
786,2022-02-25,07:10,18:21
787,2022-02-26,07:08,18:22
788,2022-02-27,07:07,18:23
789,2022-02-28,07:06,18:24
790,2022-03-01,07:04,18:25
791,2022-03-02,07:03,18:26
792,2022-03-03,07:01,18:27
793,2022-03-04,07:00,18:28
794,2022-03-05,06:59,18:29
795,2022-03-06,06:57,18:30
796,2022-03-07,06:56,18:31
797,2022-03-08,06:54,18:32
798,2022-03-09,06:53,18:33
799,2022-03-10,06:51,18:34
800,2022-03-11,06:50,18:35
801,2022-03-12,06:48,18:36
802,2022-03-13,06:47,18:37
803,2022-03-14,06:45,18:38
804,2022-03-15,06:44,18:39
805,2022-03-16,06:42,18:40
806,2022-03-17,06:41,18:41
807,2022-03-18,06:39,18:42
808,2022-03-19,06:38,18:43
809,2022-03-20,06:36,18:43
810,2022-03-21,06:35,18:44
811,2022-03-22,06:33,18:45
812,2022-03-23,06:32,18:46
813,2022-03-24,06:30,18:47
814,2022-03-25,06:29,18:48
815,2022-03-26,06:27,18:49
816,2022-03-27,06:26,18:50
817,2022-03-28,06:24,18:51
818,2022-03-29,06:23,18:52
819,2022-03-30,06:21,18:53
820,2022-03-31,06:20,18:54
821,2022-04-01,06:18,18:54
822,2022-04-02,06:17,18:55
823,2022-04-03,06:15,18:56
824,2022-04-04,06:14,18:57
825,2022-04-05,06:12,18:58
826,2022-04-06,06:11,18:59
827,2022-04-07,06:09,19:00
828,2022-04-08,06:08,19:01
829,2022-04-09,06:06,19:02
830,2022-04-10,06:05,19:03
831,2022-04-11,06:04,19:03
832,2022-04-12,06:02,19:04
833,2022-04-13,06:01,19:05
834,2022-04-14,05:59,19:06
835,2022-04-15,05:58,19:07
836,2022-04-16,05:57,19:08
837,2022-04-17,05:55,19:09
838,2022-04-18,05:54,19:10
839,2022-04-19,05:52,19:11
840,2022-04-20,05:51,19:12
841,2022-04-21,05:50,19:13
842,2022-04-22,05:48,19:13
843,2022-04-23,05:47,19:14
844,2022-04-24,05:46,19:15
845,2022-04-25,05:45,19:16
846,2022-04-26,05:43,19:17
847,2022-04-27,05:42,19:18
848,2022-04-28,05:41,19:19
849,2022-04-29,05:40,19:20
850,2022-04-30,05:39,19:21
851,2022-05-01,05:37,19:22
852,2022-05-02,05:36,19:23
853,2022-05-03,05:35,19:24
854,2022-05-04,05:34,19:24
855,2022-05-05,05:33,19:25
856,2022-05-06,05:32,19:26
857,2022-05-07,05:31,19:27
858,2022-05-08,05:30,19:28
859,2022-05-09,05:29,19:29
860,2022-05-10,05:28,19:30
861,2022-05-11,05:27,19:31
862,2022-05-12,05:26,19:32
863,2022-05-13,05:25,19:32
864,2022-05-14,05:24,19:33
865,2022-05-15,05:23,19:34
866,2022-05-16,05:22,19:35
867,2022-05-17,05:22,19:36
868,2022-05-18,05:21,19:37
869,2022-05-19,05:20,19:38
870,2022-05-20,05:19,19:38
871,2022-05-21,05:19,19:39
872,2022-05-22,05:18,19:40
873,2022-05-23,05:17,19:41
874,2022-05-24,05:17,19:42
875,2022-05-25,05:16,19:42
876,2022-05-26,05:15,19:43
877,2022-05-27,05:15,19:44
878,2022-05-28,05:14,19:45
879,2022-05-29,05:14,19:45
880,2022-05-30,05:13,19:46
881,2022-05-31,05:13,19:47
882,2022-06-01,05:13,19:47
883,2022-06-02,05:12,19:48
884,2022-06-03,05:12,19:49
885,2022-06-04,05:12,19:49
886,2022-06-05,05:11,19:50
887,2022-06-06,05:11,19:51
888,2022-06-07,05:11,19:51
889,2022-06-08,05:11,19:52
890,2022-06-09,05:11,19:52
891,2022-06-10,05:10,19:53
892,2022-06-11,05:10,19:53
893,2022-06-12,05:10,19:54
894,2022-06-13,05:10,19:54
895,2022-06-14,05:10,19:55
896,2022-06-15,05:10,19:55
897,2022-06-16,05:10,19:55
898,2022-06-17,05:10,19:56
899,2022-06-18,05:10,19:56
900,2022-06-19,05:11,19:56
901,2022-06-20,05:11,19:56
902,2022-06-21,05:11,19:57
903,2022-06-22,05:11,19:57
904,2022-06-23,05:11,19:57
905,2022-06-24,05:12,19:57
906,2022-06-25,05:12,19:57
907,2022-06-26,05:12,19:57
908,2022-06-27,05:13,19:57
909,2022-06-28,05:13,19:57
910,2022-06-29,05:13,19:57
911,2022-06-30,05:14,19:57
912,2022-07-01,05:14,19:57
913,2022-07-02,05:15,19:57
914,2022-07-03,05:15,19:57
915,2022-07-04,05:16,19:57
916,2022-07-05,05:16,19:57
917,2022-07-06,05:17,19:57
918,2022-07-07,05:17,19:56
919,2022-07-08,05:18,19:56
920,2022-07-09,05:19,19:56
921,2022-07-10,05:19,19:55
922,2022-07-11,05:20,19:55
923,2022-07-12,05:20,19:55
924,2022-07-13,05:21,19:54
925,2022-07-14,05:22,19:54
926,2022-07-15,05:22,19:53
927,2022-07-16,05:23,19:53
928,2022-07-17,05:24,19:52
929,2022-07-18,05:25,19:52
930,2022-07-19,05:25,19:51
931,2022-07-20,05:26,19:50
932,2022-07-21,05:27,19:50
933,2022-07-22,05:28,19:49
934,2022-07-23,05:28,19:48
935,2022-07-24,05:29,19:48
936,2022-07-25,05:30,19:47
937,2022-07-26,05:31,19:46
938,2022-07-27,05:32,19:45
939,2022-07-28,05:32,19:44
940,2022-07-29,05:33,19:44
941,2022-07-30,05:34,19:43
942,2022-07-31,05:35,19:42
943,2022-08-01,05:36,19:41
944,2022-08-02,05:36,19:40
945,2022-08-03,05:37,19:39
946,2022-08-04,05:38,19:38
947,2022-08-05,05:39,19:37
948,2022-08-06,05:40,19:36
949,2022-08-07,05:41,19:35
950,2022-08-08,05:42,19:33
951,2022-08-09,05:42,19:32
952,2022-08-10,05:43,19:31
953,2022-08-11,05:44,19:30
954,2022-08-12,05:45,19:29
955,2022-08-13,05:46,19:28
956,2022-08-14,05:47,19:26
957,2022-08-15,05:48,19:25
958,2022-08-16,05:48,19:24
959,2022-08-17,05:49,19:23
960,2022-08-18,05:50,19:21
961,2022-08-19,05:51,19:20
962,2022-08-20,05:52,19:19
963,2022-08-21,05:53,19:17
964,2022-08-22,05:53,19:16
965,2022-08-23,05:54,19:15
966,2022-08-24,05:55,19:13
967,2022-08-25,05:56,19:12
968,2022-08-26,05:57,19:11
969,2022-08-27,05:58,19:09
970,2022-08-28,05:59,19:08
971,2022-08-29,05:59,19:06
972,2022-08-30,06:00,19:05
973,2022-08-31,06:01,19:03
974,2022-09-01,06:02,19:02
975,2022-09-02,06:03,19:00
976,2022-09-03,06:04,18:59
977,2022-09-04,06:04,18:57
978,2022-09-05,06:05,18:56
979,2022-09-06,06:06,18:54
980,2022-09-07,06:07,18:53
981,2022-09-08,06:08,18:51
982,2022-09-09,06:09,18:50
983,2022-09-10,06:09,18:48
984,2022-09-11,06:10,18:47
985,2022-09-12,06:11,18:45
986,2022-09-13,06:12,18:44
987,2022-09-14,06:13,18:42
988,2022-09-15,06:14,18:41
989,2022-09-16,06:14,18:39
990,2022-09-17,06:15,18:38
991,2022-09-18,06:16,18:36
992,2022-09-19,06:17,18:34
993,2022-09-20,06:18,18:33
994,2022-09-21,06:19,18:31
995,2022-09-22,06:19,18:30
996,2022-09-23,06:20,18:28
997,2022-09-24,06:21,18:27
998,2022-09-25,06:22,18:25
999,2022-09-26,06:23,18:24
1000,2022-09-27,06:24,18:22
1001,2022-09-28,06:25,18:21
1002,2022-09-29,06:25,18:19
1003,2022-09-30,06:26,18:18
1004,2022-10-01,06:27,18:16
1005,2022-10-02,06:28,18:14
1006,2022-10-03,06:29,18:13
1007,2022-10-04,06:30,18:11
1008,2022-10-05,06:31,18:10
1009,2022-10-06,06:32,18:08
1010,2022-10-07,06:32,18:07
1011,2022-10-08,06:33,18:06
1012,2022-10-09,06:34,18:04
1013,2022-10-10,06:35,18:03
1014,2022-10-11,06:36,18:01
1015,2022-10-12,06:37,18:00
1016,2022-10-13,06:38,17:58
1017,2022-10-14,06:39,17:57
1018,2022-10-15,06:40,17:56
1019,2022-10-16,06:41,17:54
1020,2022-10-17,06:42,17:53
1021,2022-10-18,06:43,17:51
1022,2022-10-19,06:44,17:50
1023,2022-10-20,06:45,17:49
1024,2022-10-21,06:45,17:47
1025,2022-10-22,06:46,17:46
1026,2022-10-23,06:47,17:45
1027,2022-10-24,06:48,17:44
1028,2022-10-25,06:49,17:42
1029,2022-10-26,06:50,17:41
1030,2022-10-27,06:51,17:40
1031,2022-10-28,06:52,17:39
1032,2022-10-29,06:53,17:38
1033,2022-10-30,06:54,17:37
1034,2022-10-31,06:56,17:35
1035,2022-11-01,07:07,17:25
1036,2022-11-02,07:08,17:24
1037,2022-11-03,07:09,17:23
1038,2022-11-04,07:10,17:22
1039,2022-11-05,07:11,17:22
1040,2022-11-06,07:12,17:21
1041,2022-11-07,07:13,17:20
1042,2022-11-08,07:14,17:19
1043,2022-11-09,07:15,17:19
1044,2022-11-10,07:17,17:18
1045,2022-11-11,07:18,17:18
1046,2022-11-12,07:19,17:17
1047,2022-11-13,07:20,17:17
1048,2022-11-14,07:21,17:16
1049,2022-11-15,07:22,17:16
1050,2022-11-16,07:23,17:15
1051,2022-11-17,07:24,17:15
1052,2022-11-18,07:25,17:15
1053,2022-11-19,07:26,17:15
1054,2022-11-20,07:27,17:14
1055,2022-11-21,06:57,17:34
1056,2022-11-22,06:58,17:33
1057,2022-11-23,06:59,17:32
1058,2022-11-24,07:00,17:31
1059,2022-11-25,07:01,17:30
1060,2022-11-26,07:02,17:29
1061,2022-11-27,07:03,17:28
1062,2022-11-28,07:04,17:27
1063,2022-11-29,07:05,17:26
1064,2022-11-30,07:06,17:25
1065,2022-12-01,07:28,17:14
1066,2022-12-02,07:29,17:14
1067,2022-12-03,07:29,17:14
1068,2022-12-04,07:30,17:14
1069,2022-12-05,07:31,17:14
1070,2022-12-06,07:32,17:13
1071,2022-12-07,07:33,17:13
1072,2022-12-08,07:34,17:13
1073,2022-12-09,07:35,17:14
1074,2022-12-10,07:36,17:14
1075,2022-12-11,07:36,17:14
1076,2022-12-12,07:37,17:14
1077,2022-12-13,07:38,17:14
1078,2022-12-14,07:39,17:14
1079,2022-12-15,07:39,17:15
1080,2022-12-16,07:40,17:15
1081,2022-12-17,07:41,17:15
1082,2022-12-18,07:41,17:16
1083,2022-12-19,07:42,17:16
1084,2022-12-20,07:42,17:16
1085,2022-12-21,07:43,17:17
1086,2022-12-22,07:43,17:17
1087,2022-12-23,07:44,17:18
1088,2022-12-24,07:44,17:19
1089,2022-12-25,07:45,17:19
1090,2022-12-26,07:45,17:20
1091,2022-12-27,07:46,17:20
1092,2022-12-28,07:46,17:21
1093,2022-12-29,07:46,17:22
1094,2022-12-30,07:46,17:22
1095,2022-12-31,07:47,17:23
1096,2023-01-01,07:47,17:24
1097,2023-01-02,07:47,17:25
1098,2023-01-03,07:47,17:26
1099,2023-01-04,07:47,17:26
1100,2023-01-05,07:47,17:27
1101,2023-01-06,07:47,17:28
1102,2023-01-07,07:47,17:29
1103,2023-01-08,07:47,17:30
1104,2023-01-09,07:47,17:31
1105,2023-01-10,07:47,17:32
1106,2023-01-11,07:47,17:33
1107,2023-01-12,07:47,17:34
1108,2023-01-13,07:47,17:35
1109,2023-01-14,07:46,17:36
1110,2023-01-15,07:46,17:37
1111,2023-01-16,07:46,17:38
1112,2023-01-17,07:45,17:39
1113,2023-01-18,07:45,17:40
1114,2023-01-19,07:45,17:41
1115,2023-01-20,07:44,17:42
1116,2023-01-21,07:44,17:43
1117,2023-01-22,07:43,17:44
1118,2023-01-23,07:43,17:45
1119,2023-01-24,07:42,17:46
1120,2023-01-25,07:41,17:47
1121,2023-01-26,07:41,17:49
1122,2023-01-27,07:40,17:50
1123,2023-01-28,07:39,17:51
1124,2023-01-29,07:39,17:52
1125,2023-01-30,07:38,17:53
1126,2023-01-31,07:37,17:54
1127,2023-02-01,07:36,17:55
1128,2023-02-02,07:35,17:56
1129,2023-02-03,07:35,17:57
1130,2023-02-04,07:34,17:59
1131,2023-02-05,07:33,18:00
1132,2023-02-06,07:32,18:01
1133,2023-02-07,07:31,18:02
1134,2023-02-08,07:30,18:03
1135,2023-02-09,07:29,18:04
1136,2023-02-10,07:28,18:05
1137,2023-02-11,07:27,18:06
1138,2023-02-12,07:26,18:07
1139,2023-02-13,07:25,18:08
1140,2023-02-14,07:23,18:09
1141,2023-02-15,07:22,18:11
1142,2023-02-16,07:21,18:12
1143,2023-02-17,07:20,18:13
1144,2023-02-18,07:19,18:14
1145,2023-02-19,07:18,18:15
1146,2023-02-20,07:16,18:16
1147,2023-02-21,07:15,18:17
1148,2023-02-22,07:14,18:18
1149,2023-02-23,07:12,18:19
1150,2023-02-24,07:11,18:20
1151,2023-02-25,07:10,18:21
1152,2023-02-26,07:09,18:22
1153,2023-02-27,07:07,18:23
1154,2023-02-28,07:06,18:24
1155,2023-03-01,07:04,18:25
1156,2023-03-02,07:03,18:26
1157,2023-03-03,07:02,18:27
1158,2023-03-04,07:00,18:28
1159,2023-03-05,06:59,18:29
1160,2023-03-06,06:57,18:30
1161,2023-03-07,06:56,18:31
1162,2023-03-08,06:55,18:32
1163,2023-03-09,06:53,18:33
1164,2023-03-10,06:52,18:34
1165,2023-03-11,06:50,18:35
1166,2023-03-12,06:49,18:36
1167,2023-03-13,06:47,18:37
1168,2023-03-14,06:46,18:38
1169,2023-03-15,06:44,18:39
1170,2023-03-16,06:43,18:40
1171,2023-03-17,06:41,18:40
1172,2023-03-18,06:40,18:41
1173,2023-03-19,06:38,18:42
1174,2023-03-20,06:37,18:43
1175,2023-03-21,06:35,18:44
1176,2023-03-22,06:34,18:45
1177,2023-03-23,06:32,18:46
1178,2023-03-24,06:31,18:47
1179,2023-03-25,06:29,18:48
1180,2023-03-26,06:28,18:49
1181,2023-03-27,06:26,18:50
1182,2023-03-28,06:25,18:51
1183,2023-03-29,06:23,18:51
1184,2023-03-30,06:22,18:52
1185,2023-03-31,06:20,18:53
1186,2023-04-01,06:19,18:54
1187,2023-04-02,06:17,18:55
1188,2023-04-03,06:16,18:56
1189,2023-04-04,06:14,18:57
1190,2023-04-05,06:13,18:58
1191,2023-04-06,06:11,18:59
1192,2023-04-07,06:10,19:00
1193,2023-04-08,06:08,19:01
1194,2023-04-09,06:07,19:01
1195,2023-04-10,06:05,19:02
1196,2023-04-11,06:04,19:03
1197,2023-04-12,06:03,19:04
1198,2023-04-13,06:01,19:05
1199,2023-04-14,06:00,19:06
1200,2023-04-15,05:58,19:07
1201,2023-04-16,05:57,19:08
1202,2023-04-17,05:56,19:09
1203,2023-04-18,05:54,19:10
1204,2023-04-19,05:53,19:11
1205,2023-04-20,05:51,19:11
1206,2023-04-21,05:50,19:12
1207,2023-04-22,05:49,19:13
1208,2023-04-23,05:47,19:14
1209,2023-04-24,05:46,19:15
1210,2023-04-25,05:45,19:16
1211,2023-04-26,05:44,19:17
1212,2023-04-27,05:42,19:18
1213,2023-04-28,05:41,19:19
1214,2023-04-29,05:40,19:20
1215,2023-04-30,05:39,19:21
1216,2023-05-01,05:38,19:21
1217,2023-05-02,05:36,19:22
1218,2023-05-03,05:35,19:23
1219,2023-05-04,05:34,19:24
1220,2023-05-05,05:33,19:25
1221,2023-05-06,05:32,19:26
1222,2023-05-07,05:31,19:27
1223,2023-05-08,05:30,19:28
1224,2023-05-09,05:29,19:29
1225,2023-05-10,05:28,19:30
1226,2023-05-11,05:27,19:30
1227,2023-05-12,05:26,19:31
1228,2023-05-13,05:25,19:32
1229,2023-05-14,05:24,19:33
1230,2023-05-15,05:23,19:34
1231,2023-05-16,05:23,19:35
1232,2023-05-17,05:22,19:36
1233,2023-05-18,05:21,19:37
1234,2023-05-19,05:20,19:37
1235,2023-05-20,05:19,19:38
1236,2023-05-21,05:19,19:39
1237,2023-05-22,05:18,19:40
1238,2023-05-23,05:17,19:41
1239,2023-05-24,05:17,19:41
1240,2023-05-25,05:16,19:42
1241,2023-05-26,05:16,19:43
1242,2023-05-27,05:15,19:44
1243,2023-05-28,05:15,19:44
1244,2023-05-29,05:14,19:45
1245,2023-05-30,05:14,19:46
1246,2023-05-31,05:13,19:47
1247,2023-06-01,05:13,19:47
1248,2023-06-02,05:12,19:48
1249,2023-06-03,05:12,19:49
1250,2023-06-04,05:12,19:49
1251,2023-06-05,05:11,19:50
1252,2023-06-06,05:11,19:50
1253,2023-06-07,05:11,19:51
1254,2023-06-08,05:11,19:52
1255,2023-06-09,05:11,19:52
1256,2023-06-10,05:10,19:53
1257,2023-06-11,05:10,19:53
1258,2023-06-12,05:10,19:54
1259,2023-06-13,05:10,19:54
1260,2023-06-14,05:10,19:54
1261,2023-06-15,05:10,19:55
1262,2023-06-16,05:10,19:55
1263,2023-06-17,05:10,19:56
1264,2023-06-18,05:10,19:56
1265,2023-06-19,05:11,19:56
1266,2023-06-20,05:11,19:56
1267,2023-06-21,05:11,19:57
1268,2023-06-22,05:11,19:57
1269,2023-06-23,05:11,19:57
1270,2023-06-24,05:12,19:57
1271,2023-06-25,05:12,19:57
1272,2023-06-26,05:12,19:57
1273,2023-06-27,05:13,19:57
1274,2023-06-28,05:13,19:58
1275,2023-06-29,05:13,19:58
1276,2023-06-30,05:14,19:57
1277,2023-07-01,05:14,19:57
1278,2023-07-02,05:15,19:57
1279,2023-07-03,05:15,19:57
1280,2023-07-04,05:16,19:57
1281,2023-07-05,05:16,19:57
1282,2023-07-06,05:17,19:57
1283,2023-07-07,05:17,19:56
1284,2023-07-08,05:18,19:56
1285,2023-07-09,05:18,19:56
1286,2023-07-10,05:19,19:56
1287,2023-07-11,05:20,19:55
1288,2023-07-12,05:20,19:55
1289,2023-07-13,05:21,19:54
1290,2023-07-14,05:22,19:54
1291,2023-07-15,05:22,19:53
1292,2023-07-16,05:23,19:53
1293,2023-07-17,05:24,19:52
1294,2023-07-18,05:24,19:52
1295,2023-07-19,05:25,19:51
1296,2023-07-20,05:26,19:51
1297,2023-07-21,05:27,19:50
1298,2023-07-22,05:27,19:49
1299,2023-07-23,05:28,19:49
1300,2023-07-24,05:29,19:48
1301,2023-07-25,05:30,19:47
1302,2023-07-26,05:31,19:46
1303,2023-07-27,05:31,19:45
1304,2023-07-28,05:32,19:45
1305,2023-07-29,05:33,19:44
1306,2023-07-30,05:34,19:43
1307,2023-07-31,05:35,19:42
1308,2023-08-01,05:35,19:41
1309,2023-08-02,05:36,19:40
1310,2023-08-03,05:37,19:39
1311,2023-08-04,05:38,19:38
1312,2023-08-05,05:39,19:37
1313,2023-08-06,05:40,19:36
1314,2023-08-07,05:40,19:35
1315,2023-08-08,05:41,19:34
1316,2023-08-09,05:42,19:33
1317,2023-08-10,05:43,19:31
1318,2023-08-11,05:44,19:30
1319,2023-08-12,05:45,19:29
1320,2023-08-13,05:46,19:28
1321,2023-08-14,05:46,19:27
1322,2023-08-15,05:47,19:26
1323,2023-08-16,05:48,19:24
1324,2023-08-17,05:49,19:23
1325,2023-08-18,05:50,19:22
1326,2023-08-19,05:51,19:20
1327,2023-08-20,05:52,19:19
1328,2023-08-21,05:52,19:18
1329,2023-08-22,05:53,19:16
1330,2023-08-23,05:54,19:15
1331,2023-08-24,05:55,19:14
1332,2023-08-25,05:56,19:12
1333,2023-08-26,05:57,19:11
1334,2023-08-27,05:58,19:09
1335,2023-08-28,05:58,19:08
1336,2023-08-29,05:59,19:07
1337,2023-08-30,06:00,19:05
1338,2023-08-31,06:01,19:04
1339,2023-09-01,06:02,19:02
1340,2023-09-02,06:03,19:01
1341,2023-09-03,06:03,18:59
1342,2023-09-04,06:04,18:58
1343,2023-09-05,06:05,18:56
1344,2023-09-06,06:06,18:55
1345,2023-09-07,06:07,18:53
1346,2023-09-08,06:08,18:52
1347,2023-09-09,06:08,18:50
1348,2023-09-10,06:09,18:49
1349,2023-09-11,06:10,18:47
1350,2023-09-12,06:11,18:46
1351,2023-09-13,06:12,18:44
1352,2023-09-14,06:13,18:43
1353,2023-09-15,06:13,18:41
1354,2023-09-16,06:14,18:39
1355,2023-09-17,06:15,18:38
1356,2023-09-18,06:16,18:36
1357,2023-09-19,06:17,18:35
1358,2023-09-20,06:18,18:33
1359,2023-09-21,06:18,18:32
1360,2023-09-22,06:19,18:30
1361,2023-09-23,06:20,18:29
1362,2023-09-24,06:21,18:27
1363,2023-09-25,06:22,18:26
1364,2023-09-26,06:23,18:24
1365,2023-09-27,06:23,18:22
1366,2023-09-28,06:24,18:21
1367,2023-09-29,06:25,18:19
1368,2023-09-30,06:26,18:18
1369,2023-10-01,06:27,18:16
1370,2023-10-02,06:28,18:15
1371,2023-10-03,06:29,18:13
1372,2023-10-04,06:30,18:12
1373,2023-10-05,06:30,18:10
1374,2023-10-06,06:31,18:09
1375,2023-10-07,06:32,18:07
1376,2023-10-08,06:33,18:06
1377,2023-10-09,06:34,18:04
1378,2023-10-10,06:35,18:03
1379,2023-10-11,06:36,18:02
1380,2023-10-12,06:37,18:00
1381,2023-10-13,06:38,17:59
1382,2023-10-14,06:39,17:57
1383,2023-10-15,06:40,17:56
1384,2023-10-16,06:40,17:55
1385,2023-10-17,06:41,17:53
1386,2023-10-18,06:42,17:52
1387,2023-10-19,06:43,17:50
1388,2023-10-20,06:44,17:49
1389,2023-10-21,06:45,17:48
1390,2023-10-22,06:46,17:47
1391,2023-10-23,06:47,17:45
1392,2023-10-24,06:48,17:44
1393,2023-10-25,06:49,17:43
1394,2023-10-26,06:50,17:42
1395,2023-10-27,06:51,17:40
1396,2023-10-28,06:52,17:39
1397,2023-10-29,06:53,17:38
1398,2023-10-30,06:54,17:37
1399,2023-10-31,06:55,17:36
1400,2023-11-01,06:56,17:35
1401,2023-11-02,06:57,17:33
1402,2023-11-03,06:58,17:32
1403,2023-11-04,06:59,17:31
1404,2023-11-05,07:00,17:30
1405,2023-11-06,07:02,17:29
1406,2023-11-07,07:03,17:28
1407,2023-11-08,07:04,17:28
1408,2023-11-09,07:05,17:27
1409,2023-11-10,07:06,17:26
1410,2023-11-11,07:07,17:25
1411,2023-11-12,07:08,17:24
1412,2023-11-13,07:09,17:23
1413,2023-11-14,07:10,17:22
1414,2023-11-15,07:11,17:22
1415,2023-11-16,07:12,17:21
1416,2023-11-17,07:13,17:20
1417,2023-11-18,07:14,17:20
1418,2023-11-19,07:15,17:19
1419,2023-11-20,07:16,17:18
1420,2023-11-21,07:17,17:18
1421,2023-11-22,07:18,17:17
1422,2023-11-23,07:19,17:17
1423,2023-11-24,07:20,17:16
1424,2023-11-25,07:21,17:16
1425,2023-11-26,07:22,17:16
1426,2023-11-27,07:23,17:15
1427,2023-11-28,07:24,17:15
1428,2023-11-29,07:25,17:15
1429,2023-11-30,07:26,17:14
1430,2023-12-01,07:27,17:14
1431,2023-12-02,07:28,17:14
1432,2023-12-03,07:29,17:14
1433,2023-12-04,07:30,17:14
1434,2023-12-05,07:31,17:14
1435,2023-12-06,07:32,17:13
1436,2023-12-07,07:33,17:13
1437,2023-12-08,07:34,17:13
1438,2023-12-09,07:35,17:14
1439,2023-12-10,07:35,17:14
1440,2023-12-11,07:36,17:14
1441,2023-12-12,07:37,17:14
1442,2023-12-13,07:38,17:14
1443,2023-12-14,07:38,17:14
1444,2023-12-15,07:39,17:15
1445,2023-12-16,07:40,17:15
1446,2023-12-17,07:40,17:15
1447,2023-12-18,07:41,17:16
1448,2023-12-19,07:42,17:16
1449,2023-12-20,07:42,17:16
1450,2023-12-21,07:43,17:17
1451,2023-12-22,07:43,17:17
1452,2023-12-23,07:44,17:18
1453,2023-12-24,07:44,17:18
1454,2023-12-25,07:45,17:19
1455,2023-12-26,07:45,17:20
1456,2023-12-27,07:45,17:20
1457,2023-12-28,07:46,17:21
1458,2023-12-29,07:46,17:22
1459,2023-12-30,07:46,17:22
1460,2023-12-31,07:47,17:23
